DueCaseKey,PolicyKey,OrgKey,PlanKey,AgentKey,ClaimDueDate,ClaimDueMonth,DueAmount,IsIntimated,IntimationDate,ClaimType,PaymentType,ClaimDueDateKey,IntimationDateKey
1,165,6,9,23,2026-03-06,2026-03,30522.55,0,,SB,SB,20260306,
2,1161,37,4,3,2026-04-24,2026-04,41035.32,0,,SB,SB,20260424,
3,1906,41,12,66,2026-08-04,2026-08,297108.7,0,,Maturity,Maturity,20260804,
4,246,24,3,26,2026-04-04,2026-04,96169.21,1,2026-02-21,SB,SB,20260404,20260221.0
5,858,13,8,12,2026-03-08,2026-03,19658.69,1,2026-02-06,SB,SB,20260308,20260206.0
6,1978,31,10,59,2026-03-30,2026-03,962010.02,1,2026-01-31,Death,EDC,20260330,20260131.0
7,1583,24,6,11,2026-06-06,2026-06,105131.84,0,,SB,SB,20260606,
8,950,41,3,27,2026-07-02,2026-07,436948.3,1,2026-05-13,Maturity,Maturity,20260702,20260513.0
9,1094,27,5,55,2026-06-04,2026-06,70000.86,1,2026-05-17,Maturity,Maturity,20260604,20260517.0
10,1701,37,11,78,2026-05-14,2026-05,296687.41,1,2026-04-24,Maturity,Maturity,20260514,20260424.0
11,538,36,11,77,2026-08-11,2026-08,159439.16,1,2026-07-04,Maturity,Maturity,20260811,20260704.0
12,1203,4,9,10,2026-08-14,2026-08,127383.38,1,2026-07-23,Maturity,Maturity,20260814,20260723.0
13,62,3,3,61,2026-08-01,2026-08,623228.73,1,2026-06-03,Maturity,Maturity,20260801,20260603.0
14,1992,25,12,37,2026-04-22,2026-04,759761.41,1,2026-02-18,Death,EDC,20260422,20260218.0
15,1962,18,3,34,2026-04-07,2026-04,300517.2,1,2026-03-05,Maturity,Maturity,20260407,20260305.0
16,232,35,5,39,2026-03-18,2026-03,169348.95,1,2026-01-17,Maturity,Maturity,20260318,20260117.0
17,1588,18,4,75,2026-04-20,2026-04,195485.89,0,,SB,SB,20260420,
18,858,13,8,12,2026-04-11,2026-04,424462.69,1,2026-01-30,Maturity,Maturity,20260411,20260130.0
19,780,17,9,47,2026-05-03,2026-05,96279.12,1,2026-03-17,SB,SB,20260503,20260317.0
20,131,6,2,56,2026-06-27,2026-06,49198.68,0,,SB,SB,20260627,
21,1679,7,8,80,2026-04-23,2026-04,197017.95,1,2026-03-23,Maturity,Maturity,20260423,20260323.0
22,389,15,5,5,2026-04-06,2026-04,317276.09,1,2026-01-24,Maturity,Maturity,20260406,20260124.0
23,530,31,10,71,2026-05-13,2026-05,1304549.16,0,,Death,EDC,20260513,
24,1964,40,11,61,2026-08-30,2026-08,902349.04,0,,Death,EDC,20260830,
25,1150,26,5,39,2026-08-10,2026-08,888991.69,0,,Death,NEDC,20260810,
26,1349,9,4,25,2026-06-28,2026-06,80498.22,1,2026-06-01,SB,SB,20260628,20260601.0
27,1663,14,11,34,2026-05-06,2026-05,154754.48,1,2026-03-25,Maturity,Maturity,20260506,20260325.0
28,301,2,4,27,2026-05-19,2026-05,93875.05,1,2026-04-17,SB,SB,20260519,20260417.0
29,1421,22,6,32,2026-03-31,2026-03,26985.66,0,,SB,SB,20260331,
30,1517,39,4,10,2026-04-25,2026-04,339837.93,1,2026-04-02,Maturity,Maturity,20260425,20260402.0
31,849,3,10,49,2026-03-30,2026-03,127790.83,0,,Maturity,Maturity,20260330,
32,1762,20,12,43,2026-03-18,2026-03,731425.83,0,,Death,NEDC,20260318,
33,1299,18,4,42,2026-05-03,2026-05,264637.4,0,,Maturity,IPP,20260503,
34,1359,29,9,46,2026-08-23,2026-08,121173.08,0,,Maturity,Maturity,20260823,
35,234,30,4,44,2026-06-21,2026-06,165811.94,1,2026-04-28,Maturity,Maturity,20260621,20260428.0
36,211,16,11,47,2026-08-27,2026-08,72535.89,0,,Maturity,Maturity,20260827,
37,1743,16,1,59,2026-08-10,2026-08,282855.56,1,2026-06-05,Maturity,Maturity,20260810,20260605.0
38,1846,10,1,31,2026-03-12,2026-03,94383.06,1,2026-01-03,SB,SB,20260312,20260103.0
39,1047,37,11,19,2026-07-16,2026-07,98512.96,1,2026-06-28,Maturity,Maturity,20260716,20260628.0
40,4,36,4,16,2026-08-08,2026-08,474510.61,1,2026-07-08,Maturity,IPP,20260808,20260708.0
41,1587,42,5,78,2026-06-14,2026-06,217343.8,0,,Maturity,Maturity,20260614,
42,975,26,1,12,2026-08-13,2026-08,707082.2,0,,Maturity,Maturity,20260813,
43,845,32,8,18,2026-06-24,2026-06,38636.72,0,,SB,SB,20260624,
44,88,4,5,46,2026-04-23,2026-04,180190.74,1,2026-03-28,Maturity,Maturity,20260423,20260328.0
45,99,29,1,75,2026-08-17,2026-08,244660.53,0,,Maturity,Maturity,20260817,
46,1061,20,10,39,2026-06-09,2026-06,287601.87,0,,SB,SB,20260609,
47,1774,1,7,46,2026-08-24,2026-08,546929.58,1,2026-07-20,Death,EDC,20260824,20260720.0
48,931,1,2,3,2026-04-08,2026-04,230563.88,1,2026-03-26,Maturity,Maturity,20260408,20260326.0
49,1083,7,2,78,2026-05-22,2026-05,451422.34,0,,Maturity,IPP,20260522,
50,1127,20,7,70,2026-07-07,2026-07,149001.35,0,,Maturity,Maturity,20260707,
51,1783,23,8,46,2026-03-22,2026-03,77092.13,0,,SB,SB,20260322,
52,1706,23,12,71,2026-04-07,2026-04,125270.95,0,,Maturity,Maturity,20260407,
53,1079,10,12,30,2026-06-29,2026-06,253222.73,1,2026-06-07,Maturity,Maturity,20260629,20260607.0
54,1939,24,9,14,2026-08-02,2026-08,435861.34,1,2026-06-29,Maturity,Maturity,20260802,20260629.0
55,1743,16,1,59,2026-04-05,2026-04,43542.38,0,,Maturity,Maturity,20260405,
56,1058,34,6,9,2026-03-02,2026-03,191494.87,1,2026-02-10,Maturity,Maturity,20260302,20260210.0
57,1187,8,7,48,2026-05-21,2026-05,681425.18,0,,Death,EDC,20260521,
58,1314,42,1,42,2026-04-13,2026-04,101567.24,1,2026-02-18,SB,SB,20260413,20260218.0
59,1293,3,1,60,2026-06-06,2026-06,323603.26,0,,Maturity,Maturity,20260606,
60,859,11,12,16,2026-04-22,2026-04,404400.36,1,2026-03-31,Maturity,Maturity,20260422,20260331.0
61,867,29,2,77,2026-03-01,2026-03,1043037.12,0,,Death,EDC,20260301,
62,1473,25,12,49,2026-07-24,2026-07,190985.51,1,2026-05-13,SB,SB,20260724,20260513.0
63,1832,15,1,8,2026-04-20,2026-04,222447.96,0,,Maturity,Maturity,20260420,
64,352,20,8,10,2026-06-30,2026-06,16474.71,1,2026-05-09,SB,SB,20260630,20260509.0
65,832,2,9,36,2026-05-30,2026-05,169706.02,0,,Maturity,Maturity,20260530,
66,32,38,5,42,2026-03-04,2026-03,131871.33,1,2026-02-06,SB,SB,20260304,20260206.0
67,1087,34,4,25,2026-05-01,2026-05,653474.62,1,2026-03-05,Maturity,Maturity,20260501,20260305.0
68,492,29,12,54,2026-05-05,2026-05,153406.93,0,,SB,SB,20260505,
69,935,32,12,31,2026-06-06,2026-06,317775.26,0,,Maturity,Maturity,20260606,
70,1552,23,9,2,2026-06-29,2026-06,44671.83,1,2026-06-02,SB,SB,20260629,20260602.0
71,1890,9,12,24,2026-08-05,2026-08,265740.76,1,2026-06-19,Maturity,Maturity,20260805,20260619.0
72,1378,20,2,22,2026-08-22,2026-08,829297.36,0,,Death,NEDC,20260822,
73,575,21,7,15,2026-03-24,2026-03,140052.45,1,2026-03-01,Maturity,Maturity,20260324,20260301.0
74,668,42,6,14,2026-06-20,2026-06,78588.08,1,2026-05-19,SB,SB,20260620,20260519.0
75,782,5,11,69,2026-08-02,2026-08,81281.84,1,2026-06-07,SB,SB,20260802,20260607.0
76,377,28,7,1,2026-04-19,2026-04,87388.92,0,,SB,SB,20260419,
77,685,35,9,16,2026-07-19,2026-07,1356524.34,1,2026-05-24,Death,NEDC,20260719,20260524.0
78,1844,32,5,11,2026-07-11,2026-07,58511.36,1,2026-06-10,Maturity,Maturity,20260711,20260610.0
79,366,11,11,79,2026-05-15,2026-05,269696.43,1,2026-04-03,Maturity,Maturity,20260515,20260403.0
80,1529,20,11,12,2026-06-29,2026-06,313312.34,1,2026-04-20,Maturity,Maturity,20260629,20260420.0
81,1356,26,11,75,2026-06-14,2026-06,1272416.6,0,,Death,EDC,20260614,
82,611,23,9,62,2026-03-05,2026-03,91979.28,1,2026-01-03,Maturity,Maturity,20260305,20260103.0
83,1796,40,2,56,2026-06-24,2026-06,554086.23,0,,Maturity,IPP,20260624,
84,1222,5,5,54,2026-05-18,2026-05,219817.19,0,,Maturity,Maturity,20260518,
85,185,23,1,54,2026-06-12,2026-06,329183.61,1,2026-04-19,Death,EDC,20260612,20260419.0
86,1960,28,10,40,2026-04-28,2026-04,288075.43,1,2026-03-04,Maturity,Maturity,20260428,20260304.0
87,746,25,5,30,2026-07-15,2026-07,109599.42,0,,Maturity,Maturity,20260715,
88,375,28,8,30,2026-06-06,2026-06,129492.28,0,,SB,SB,20260606,
89,546,36,3,43,2026-06-29,2026-06,86668.59,1,2026-06-16,SB,SB,20260629,20260616.0
90,830,11,1,45,2026-05-08,2026-05,68368.47,1,2026-04-20,SB,SB,20260508,20260420.0
91,1899,18,3,13,2026-03-15,2026-03,42299.5,0,,SB,SB,20260315,
92,512,11,4,25,2026-05-15,2026-05,163678.05,0,,SB,SB,20260515,
93,1330,37,3,66,2026-04-28,2026-04,45438.12,1,2026-03-03,SB,SB,20260428,20260303.0
94,2,16,3,1,2026-06-14,2026-06,450353.19,1,2026-04-27,Maturity,IPP,20260614,20260427.0
95,497,39,10,62,2026-05-27,2026-05,303792.52,0,,Maturity,Maturity,20260527,
96,273,26,8,24,2026-06-09,2026-06,111674.19,1,2026-05-02,SB,SB,20260609,20260502.0
97,1826,31,5,4,2026-05-21,2026-05,234897.54,0,,SB,SB,20260521,
98,87,7,8,22,2026-04-12,2026-04,378287.01,1,2026-03-16,Maturity,Maturity,20260412,20260316.0
99,456,8,9,46,2026-03-13,2026-03,29726.92,1,2026-02-13,SB,SB,20260313,20260213.0
100,871,12,3,37,2026-07-25,2026-07,257292.96,0,,Maturity,Maturity,20260725,
101,1434,33,12,48,2026-06-01,2026-06,201070.09,1,2026-05-20,Maturity,Maturity,20260601,20260520.0
102,901,13,4,37,2026-07-29,2026-07,93590.65,0,,SB,SB,20260729,
103,1596,41,10,2,2026-03-12,2026-03,814555.67,1,2026-02-07,Death,EDC,20260312,20260207.0
104,1989,6,3,41,2026-03-24,2026-03,307233.04,0,,Maturity,IPP,20260324,
105,1694,13,9,32,2026-06-13,2026-06,132480.1,0,,SB,SB,20260613,
106,1722,1,8,37,2026-05-25,2026-05,952419.38,0,,Death,EDC,20260525,
107,244,29,9,36,2026-04-29,2026-04,212923.98,1,2026-03-02,Maturity,Maturity,20260429,20260302.0
108,1469,6,2,56,2026-03-23,2026-03,174828.25,1,2026-02-16,SB,SB,20260323,20260216.0
109,1021,25,12,43,2026-04-28,2026-04,155068.02,1,2026-04-03,Maturity,Maturity,20260428,20260403.0
110,757,41,4,67,2026-05-28,2026-05,87456.33,0,,Maturity,IPP,20260528,
111,842,40,10,35,2026-05-09,2026-05,140400.24,0,,Maturity,Maturity,20260509,
112,405,21,5,44,2026-05-13,2026-05,356210.74,1,2026-03-21,Death,EDC,20260513,20260321.0
113,877,19,7,78,2026-05-26,2026-05,1036202.92,0,,Maturity,Maturity,20260526,
114,826,24,2,3,2026-07-16,2026-07,60510.64,0,,SB,SB,20260716,
115,1238,7,3,47,2026-05-16,2026-05,86740.39,1,2026-04-29,SB,SB,20260516,20260429.0
116,1987,1,5,36,2026-07-28,2026-07,106830.19,0,,Maturity,Maturity,20260728,
117,582,9,8,63,2026-07-19,2026-07,140619.77,0,,SB,SB,20260719,
118,265,29,11,33,2026-08-19,2026-08,184727.03,0,,Maturity,Maturity,20260819,
119,636,28,11,10,2026-07-15,2026-07,264436.61,1,2026-06-28,SB,SB,20260715,20260628.0
120,993,42,10,37,2026-07-23,2026-07,306611.17,1,2026-05-27,Death,EDC,20260723,20260527.0
121,277,30,11,33,2026-04-05,2026-04,65229.0,0,,SB,SB,20260405,
122,1949,8,3,26,2026-08-24,2026-08,164627.98,1,2026-07-17,Maturity,IPP,20260824,20260717.0
123,378,5,10,14,2026-06-01,2026-06,282610.83,1,2026-05-13,Maturity,Maturity,20260601,20260513.0
124,842,40,10,35,2026-08-27,2026-08,42503.29,0,,SB,SB,20260827,
125,264,10,5,6,2026-06-02,2026-06,455196.08,1,2026-04-14,Maturity,Maturity,20260602,20260414.0
126,854,19,8,22,2026-04-24,2026-04,80492.66,1,2026-03-15,Maturity,Maturity,20260424,20260315.0
127,1980,12,3,11,2026-03-14,2026-03,286996.04,1,2026-01-21,Maturity,IPP,20260314,20260121.0
128,363,31,10,52,2026-08-09,2026-08,484722.64,0,,Maturity,Maturity,20260809,
129,707,18,4,78,2026-08-30,2026-08,611173.75,1,2026-07-01,Maturity,Maturity,20260830,20260701.0
130,1205,17,10,11,2026-07-04,2026-07,1721080.91,0,,Death,EDC,20260704,
131,442,4,3,29,2026-07-22,2026-07,216786.24,1,2026-05-19,Maturity,IPP,20260722,20260519.0
132,1772,11,5,63,2026-06-06,2026-06,355755.59,0,,Death,NEDC,20260606,
133,1455,14,9,1,2026-04-18,2026-04,89920.41,1,2026-02-08,Maturity,Maturity,20260418,20260208.0
134,1252,33,9,40,2026-05-07,2026-05,258336.33,0,,Maturity,Maturity,20260507,
135,1877,16,6,30,2026-04-20,2026-04,58229.97,1,2026-04-10,SB,SB,20260420,20260410.0
136,26,13,2,76,2026-07-30,2026-07,972685.82,1,2026-05-23,Maturity,Maturity,20260730,20260523.0
137,522,18,8,13,2026-07-14,2026-07,115746.73,1,2026-05-27,Maturity,Maturity,20260714,20260527.0
138,101,24,9,65,2026-04-20,2026-04,175345.46,1,2026-02-13,Maturity,Maturity,20260420,20260213.0
139,1776,6,12,35,2026-05-04,2026-05,28873.39,1,2026-03-14,SB,SB,20260504,20260314.0
140,1834,9,7,55,2026-06-13,2026-06,79097.82,0,,SB,SB,20260613,
141,506,15,5,73,2026-06-15,2026-06,186713.63,1,2026-06-04,Maturity,Maturity,20260615,20260604.0
142,410,11,1,51,2026-07-05,2026-07,83535.14,1,2026-06-22,SB,SB,20260705,20260622.0
143,1528,18,7,67,2026-04-18,2026-04,265050.11,1,2026-03-13,Maturity,Maturity,20260418,20260313.0
144,1566,36,3,43,2026-08-21,2026-08,122597.1,1,2026-07-05,SB,SB,20260821,20260705.0
145,317,24,9,64,2026-04-03,2026-04,264920.16,1,2026-02-03,Death,NEDC,20260403,20260203.0
146,21,23,4,9,2026-05-04,2026-05,98047.05,1,2026-04-23,Maturity,Maturity,20260504,20260423.0
147,594,30,6,47,2026-05-20,2026-05,332450.03,1,2026-03-27,Maturity,Maturity,20260520,20260327.0
148,1337,30,10,43,2026-08-26,2026-08,1815164.89,0,,Death,NEDC,20260826,
149,1905,15,12,10,2026-05-05,2026-05,282281.81,1,2026-03-08,Maturity,Maturity,20260505,20260308.0
150,1721,16,10,3,2026-08-26,2026-08,87176.58,1,2026-07-19,SB,SB,20260826,20260719.0
151,1530,6,11,11,2026-03-18,2026-03,754650.87,0,,Death,NEDC,20260318,
152,1518,27,2,43,2026-05-11,2026-05,92590.18,0,,SB,SB,20260511,
153,465,22,2,6,2026-03-26,2026-03,380315.67,0,,Death,NEDC,20260326,
154,1498,15,1,76,2026-03-09,2026-03,949516.66,1,2026-01-19,Death,EDC,20260309,20260119.0
155,446,13,12,70,2026-05-23,2026-05,135982.94,0,,Maturity,Maturity,20260523,
156,35,18,10,36,2026-03-13,2026-03,125412.75,0,,Maturity,Maturity,20260313,
157,1663,14,11,34,2026-05-02,2026-05,30472.17,1,2026-03-11,SB,SB,20260502,20260311.0
158,659,5,1,65,2026-03-21,2026-03,291709.33,1,2026-01-23,Maturity,IPP,20260321,20260123.0
159,272,3,3,54,2026-03-29,2026-03,280441.84,1,2026-01-17,Maturity,IPP,20260329,20260117.0
160,1320,2,10,43,2026-06-27,2026-06,134922.36,1,2026-04-24,Maturity,Maturity,20260627,20260424.0
161,1375,9,3,43,2026-07-24,2026-07,282779.02,0,,Maturity,Maturity,20260724,
162,1521,20,10,63,2026-08-05,2026-08,42862.18,0,,SB,SB,20260805,
163,1925,2,7,12,2026-08-17,2026-08,45605.41,1,2026-07-04,SB,SB,20260817,20260704.0
164,608,36,6,71,2026-08-11,2026-08,592778.54,1,2026-07-06,Death,NEDC,20260811,20260706.0
165,1272,25,8,78,2026-08-26,2026-08,207168.36,1,2026-06-16,Death,EDC,20260826,20260616.0
166,114,26,5,25,2026-05-31,2026-05,185497.74,1,2026-03-25,Maturity,Maturity,20260531,20260325.0
167,479,15,10,29,2026-07-06,2026-07,100300.66,0,,Maturity,Maturity,20260706,
168,476,12,3,31,2026-04-22,2026-04,346722.53,0,,Maturity,IPP,20260422,
169,874,36,2,38,2026-03-31,2026-03,173605.67,0,,Maturity,Maturity,20260331,
170,1275,35,1,57,2026-08-10,2026-08,537414.68,1,2026-07-09,Death,NEDC,20260810,20260709.0
171,257,40,8,8,2026-04-17,2026-04,756144.51,0,,Death,EDC,20260417,
172,1330,37,3,66,2026-05-03,2026-05,871511.82,1,2026-03-22,Death,NEDC,20260503,20260322.0
173,824,4,5,26,2026-05-14,2026-05,339027.09,1,2026-03-01,Maturity,Maturity,20260514,20260301.0
174,1801,42,11,80,2026-05-22,2026-05,426305.15,0,,Maturity,Maturity,20260522,
175,971,22,7,74,2026-04-27,2026-04,58287.17,1,2026-03-13,SB,SB,20260427,20260313.0
176,504,32,11,34,2026-06-12,2026-06,155756.52,1,2026-06-01,SB,SB,20260612,20260601.0
177,6,33,7,71,2026-06-26,2026-06,120132.92,1,2026-05-01,Maturity,Maturity,20260626,20260501.0
178,837,34,3,56,2026-05-10,2026-05,252992.17,0,,Maturity,IPP,20260510,
179,1172,31,6,78,2026-03-04,2026-03,532003.57,1,2026-02-12,Maturity,Maturity,20260304,20260212.0
180,984,40,1,32,2026-03-31,2026-03,352201.82,1,2026-02-13,Maturity,IPP,20260331,20260213.0
181,1740,9,4,47,2026-05-16,2026-05,81449.57,1,2026-04-25,SB,SB,20260516,20260425.0
182,635,14,11,55,2026-08-10,2026-08,218439.1,0,,Maturity,Maturity,20260810,
183,1924,8,10,79,2026-05-26,2026-05,508968.2,1,2026-05-03,Maturity,Maturity,20260526,20260503.0
184,528,18,6,60,2026-04-01,2026-04,154933.27,1,2026-01-22,Maturity,Maturity,20260401,20260122.0
185,335,3,4,28,2026-05-20,2026-05,487239.61,0,,Maturity,Maturity,20260520,
186,1345,22,9,32,2026-04-24,2026-04,68674.04,1,2026-03-29,Maturity,Maturity,20260424,20260329.0
187,1353,31,11,79,2026-03-26,2026-03,29523.58,0,,SB,SB,20260326,
188,1742,37,11,14,2026-06-30,2026-06,254062.08,1,2026-06-09,Maturity,Maturity,20260630,20260609.0
189,27,20,11,77,2026-07-13,2026-07,105248.85,1,2026-06-04,Maturity,Maturity,20260713,20260604.0
190,1004,21,4,15,2026-08-03,2026-08,678149.55,1,2026-06-07,Maturity,Maturity,20260803,20260607.0
191,151,19,2,52,2026-05-25,2026-05,87838.28,1,2026-04-02,Maturity,IPP,20260525,20260402.0
192,128,42,9,28,2026-06-18,2026-06,391588.83,0,,Maturity,Maturity,20260618,
193,177,11,12,57,2026-03-07,2026-03,88711.97,0,,SB,SB,20260307,
194,1561,28,8,8,2026-08-26,2026-08,44222.84,1,2026-08-07,SB,SB,20260826,20260807.0
195,1979,35,2,5,2026-08-29,2026-08,297260.16,1,2026-07-02,Maturity,IPP,20260829,20260702.0
196,1707,28,9,52,2026-06-03,2026-06,41355.87,0,,SB,SB,20260603,
197,1712,17,10,53,2026-06-24,2026-06,50094.61,0,,SB,SB,20260624,
198,1480,19,4,64,2026-06-09,2026-06,419127.49,0,,Maturity,Maturity,20260609,
199,1057,27,3,76,2026-06-20,2026-06,676395.03,1,2026-05-16,Maturity,Maturity,20260620,20260516.0
200,942,19,3,5,2026-08-16,2026-08,418562.11,1,2026-06-18,Maturity,IPP,20260816,20260618.0
201,1499,7,10,24,2026-08-27,2026-08,128639.87,1,2026-06-28,Maturity,Maturity,20260827,20260628.0
202,602,32,1,68,2026-06-17,2026-06,1119277.23,0,,Death,NEDC,20260617,
203,564,4,11,14,2026-04-03,2026-04,75855.36,0,,SB,SB,20260403,
204,587,40,1,2,2026-05-14,2026-05,332431.94,1,2026-03-07,Maturity,Maturity,20260514,20260307.0
205,1597,35,12,44,2026-05-23,2026-05,235769.67,1,2026-04-11,Maturity,Maturity,20260523,20260411.0
206,884,22,6,51,2026-04-12,2026-04,407697.93,1,2026-02-11,Maturity,Maturity,20260412,20260211.0
207,1536,34,4,23,2026-07-29,2026-07,1078349.71,0,,Death,NEDC,20260729,
208,1774,1,7,46,2026-03-14,2026-03,77982.98,1,2026-02-01,Maturity,Maturity,20260314,20260201.0
209,462,15,3,26,2026-04-29,2026-04,804849.77,1,2026-02-17,Maturity,Maturity,20260429,20260217.0
210,1891,33,2,20,2026-03-19,2026-03,356865.49,0,,Death,EDC,20260319,
211,1417,28,4,80,2026-05-20,2026-05,36005.39,0,,SB,SB,20260520,
212,847,14,2,23,2026-04-25,2026-04,977449.69,1,2026-02-11,Maturity,Maturity,20260425,20260211.0
213,1611,23,6,64,2026-08-12,2026-08,157015.01,1,2026-07-05,Maturity,Maturity,20260812,20260705.0
214,70,16,12,21,2026-03-12,2026-03,720833.64,0,,Death,NEDC,20260312,
215,184,10,7,12,2026-08-17,2026-08,259862.7,0,,Maturity,Maturity,20260817,
216,490,6,12,43,2026-08-16,2026-08,1609538.57,0,,Death,EDC,20260816,
217,1770,37,6,37,2026-05-05,2026-05,189769.04,1,2026-02-21,Maturity,Maturity,20260505,20260221.0
218,711,22,8,59,2026-07-16,2026-07,87687.76,1,2026-05-17,Maturity,Maturity,20260716,20260517.0
219,721,33,5,51,2026-05-24,2026-05,132550.64,1,2026-05-10,Maturity,Maturity,20260524,20260510.0
220,1990,1,4,48,2026-06-11,2026-06,210924.8,0,,Maturity,Maturity,20260611,
221,1144,27,5,76,2026-06-20,2026-06,50646.71,1,2026-06-04,SB,SB,20260620,20260604.0
222,1043,21,6,19,2026-03-02,2026-03,319955.43,1,2026-01-19,Maturity,Maturity,20260302,20260119.0
223,710,37,5,57,2026-05-29,2026-05,322667.8,1,2026-04-16,Maturity,Maturity,20260529,20260416.0
224,162,6,10,77,2026-05-28,2026-05,132071.5,1,2026-03-21,SB,SB,20260528,20260321.0
225,1655,30,11,69,2026-04-17,2026-04,199581.78,0,,Maturity,Maturity,20260417,
226,1834,9,7,55,2026-04-17,2026-04,32842.03,1,2026-03-31,SB,SB,20260417,20260331.0
227,534,1,4,33,2026-08-27,2026-08,181917.86,1,2026-07-07,Maturity,IPP,20260827,20260707.0
228,1371,29,8,72,2026-05-30,2026-05,310998.81,0,,Maturity,Maturity,20260530,
229,1234,7,12,7,2026-08-13,2026-08,99262.06,1,2026-07-21,SB,SB,20260813,20260721.0
230,1888,40,2,6,2026-04-20,2026-04,271770.48,0,,Maturity,IPP,20260420,
231,1682,30,7,51,2026-08-17,2026-08,159493.01,1,2026-08-05,Maturity,Maturity,20260817,20260805.0
232,104,26,1,34,2026-04-30,2026-04,230571.02,1,2026-03-15,Maturity,Maturity,20260430,20260315.0
233,1828,4,4,64,2026-07-24,2026-07,145228.43,0,,SB,SB,20260724,
234,26,13,2,76,2026-05-19,2026-05,36341.75,1,2026-04-15,SB,SB,20260519,20260415.0
235,654,37,10,47,2026-04-26,2026-04,505217.89,1,2026-02-12,Death,EDC,20260426,20260212.0
236,1106,30,4,38,2026-05-02,2026-05,338203.26,1,2026-02-24,Maturity,Maturity,20260502,20260224.0
237,1559,10,7,3,2026-08-19,2026-08,280815.04,0,,Maturity,Maturity,20260819,
238,1891,33,2,20,2026-06-01,2026-06,67515.6,1,2026-04-09,SB,SB,20260601,20260409.0
239,1119,27,5,3,2026-06-28,2026-06,603818.27,1,2026-06-11,Maturity,Maturity,20260628,20260611.0
240,167,27,6,77,2026-05-22,2026-05,96604.14,1,2026-05-03,SB,SB,20260522,20260503.0
241,50,15,9,49,2026-05-16,2026-05,51956.93,1,2026-05-05,SB,SB,20260516,20260505.0
242,1206,30,3,24,2026-03-07,2026-03,207654.69,1,2026-02-09,Maturity,Maturity,20260307,20260209.0
243,1572,17,9,45,2026-06-20,2026-06,989527.79,0,,Death,EDC,20260620,
244,489,5,4,45,2026-05-27,2026-05,851121.84,1,2026-05-07,Maturity,IPP,20260527,20260507.0
245,1402,4,11,67,2026-04-08,2026-04,578766.67,1,2026-02-06,Death,EDC,20260408,20260206.0
246,1352,9,9,75,2026-05-31,2026-05,520434.45,1,2026-05-11,Maturity,Maturity,20260531,20260511.0
247,1107,22,9,70,2026-04-05,2026-04,396042.4,1,2026-03-22,Maturity,Maturity,20260405,20260322.0
248,803,16,4,33,2026-04-03,2026-04,385184.54,1,2026-02-21,Maturity,IPP,20260403,20260221.0
249,186,6,6,29,2026-07-02,2026-07,1402881.15,0,,Death,NEDC,20260702,
250,579,27,11,22,2026-04-06,2026-04,216562.92,1,2026-02-24,SB,SB,20260406,20260224.0
251,1453,2,10,31,2026-07-07,2026-07,30971.18,0,,SB,SB,20260707,
252,1776,6,12,35,2026-04-15,2026-04,148141.87,1,2026-03-17,Maturity,Maturity,20260415,20260317.0
253,485,40,6,29,2026-07-15,2026-07,167481.0,0,,Maturity,Maturity,20260715,
254,856,8,3,75,2026-04-18,2026-04,1485161.2,1,2026-03-25,Maturity,Maturity,20260418,20260325.0
255,1910,12,12,64,2026-06-27,2026-06,210316.51,1,2026-04-18,Maturity,Maturity,20260627,20260418.0
256,960,3,1,80,2026-03-04,2026-03,871948.6,1,2026-01-02,Maturity,Maturity,20260304,20260102.0
257,1031,5,4,59,2026-08-03,2026-08,1180934.45,1,2026-07-22,Death,EDC,20260803,20260722.0
258,1561,28,8,8,2026-07-27,2026-07,81821.91,1,2026-06-14,SB,SB,20260727,20260614.0
259,885,12,4,43,2026-04-11,2026-04,413742.08,0,,Maturity,IPP,20260411,
260,1985,13,9,19,2026-03-30,2026-03,142955.8,0,,Maturity,Maturity,20260330,
261,345,41,3,50,2026-07-29,2026-07,351427.5,1,2026-06-20,Maturity,Maturity,20260729,20260620.0
262,1228,12,4,21,2026-07-30,2026-07,224773.53,1,2026-06-17,SB,SB,20260730,20260617.0
263,190,8,5,31,2026-03-24,2026-03,98542.61,0,,Maturity,Maturity,20260324,
264,1481,3,10,41,2026-08-07,2026-08,34713.36,0,,SB,SB,20260807,
265,1289,41,4,3,2026-03-15,2026-03,482212.99,0,,Death,NEDC,20260315,
266,1773,3,4,37,2026-04-13,2026-04,133845.65,1,2026-03-30,Maturity,Maturity,20260413,20260330.0
267,409,18,2,47,2026-08-07,2026-08,117010.13,1,2026-07-03,SB,SB,20260807,20260703.0
268,1865,17,5,3,2026-07-02,2026-07,154714.44,1,2026-05-19,Maturity,Maturity,20260702,20260519.0
269,799,19,10,3,2026-08-25,2026-08,106762.36,1,2026-06-17,Maturity,Maturity,20260825,20260617.0
270,198,35,6,23,2026-08-24,2026-08,156866.64,0,,Maturity,Maturity,20260824,
271,565,27,8,49,2026-06-18,2026-06,118165.91,1,2026-04-12,SB,SB,20260618,20260412.0
272,1149,8,9,31,2026-07-28,2026-07,395446.46,0,,Maturity,Maturity,20260728,
273,334,42,6,73,2026-07-11,2026-07,55263.69,1,2026-06-30,SB,SB,20260711,20260630.0
274,494,37,11,29,2026-03-14,2026-03,135848.73,1,2026-01-10,Maturity,Maturity,20260314,20260110.0
275,245,9,2,51,2026-05-02,2026-05,284811.67,1,2026-04-09,Maturity,IPP,20260502,20260409.0
276,67,1,11,70,2026-08-03,2026-08,168793.31,0,,Maturity,Maturity,20260803,
277,932,9,2,18,2026-03-17,2026-03,128091.71,1,2026-02-11,SB,SB,20260317,20260211.0
278,1377,13,8,14,2026-06-16,2026-06,1917510.88,0,,Death,EDC,20260616,
279,38,26,12,32,2026-05-25,2026-05,214027.97,0,,Maturity,Maturity,20260525,
280,1231,5,6,56,2026-06-25,2026-06,647021.42,1,2026-04-14,Death,EDC,20260625,20260414.0
281,975,26,1,12,2026-04-02,2026-04,354786.91,1,2026-03-09,Maturity,IPP,20260402,20260309.0
282,745,6,2,34,2026-08-28,2026-08,236439.26,1,2026-08-02,SB,SB,20260828,20260802.0
283,607,9,3,53,2026-07-16,2026-07,177808.13,0,,Maturity,Maturity,20260716,
284,1769,38,9,44,2026-06-05,2026-06,191572.83,0,,Maturity,Maturity,20260605,
285,1827,4,3,27,2026-03-06,2026-03,43254.65,0,,SB,SB,20260306,
286,282,42,6,31,2026-06-15,2026-06,1240620.22,0,,Death,EDC,20260615,
287,164,10,1,58,2026-04-21,2026-04,149090.37,0,,Maturity,Maturity,20260421,
288,593,39,10,39,2026-07-01,2026-07,144115.57,1,2026-05-23,Maturity,Maturity,20260701,20260523.0
289,151,19,2,52,2026-07-24,2026-07,135429.91,1,2026-06-07,SB,SB,20260724,20260607.0
290,1173,3,1,33,2026-04-24,2026-04,165546.89,0,,Maturity,Maturity,20260424,
291,1181,11,12,60,2026-05-11,2026-05,254254.05,1,2026-03-06,Maturity,Maturity,20260511,20260306.0
292,1795,12,4,70,2026-05-06,2026-05,120356.08,0,,SB,SB,20260506,
293,1647,12,12,59,2026-05-04,2026-05,332465.34,0,,Maturity,Maturity,20260504,
294,836,35,11,26,2026-08-07,2026-08,193873.32,1,2026-05-31,Maturity,Maturity,20260807,20260531.0
295,835,39,6,58,2026-05-11,2026-05,126108.83,1,2026-03-03,Maturity,Maturity,20260511,20260303.0
296,670,38,11,10,2026-08-03,2026-08,141415.73,1,2026-07-02,SB,SB,20260803,20260702.0
297,1181,11,12,60,2026-07-21,2026-07,158961.01,1,2026-06-19,Maturity,Maturity,20260721,20260619.0
298,6,33,7,71,2026-05-08,2026-05,311842.76,1,2026-03-11,Maturity,Maturity,20260508,20260311.0
299,2000,38,6,48,2026-03-29,2026-03,89772.49,0,,Maturity,Maturity,20260329,
300,1535,34,11,78,2026-08-09,2026-08,577831.71,0,,Maturity,Maturity,20260809,
301,1516,11,7,20,2026-06-17,2026-06,262069.08,0,,Maturity,Maturity,20260617,
302,34,32,6,24,2026-07-04,2026-07,233993.08,1,2026-05-24,Maturity,Maturity,20260704,20260524.0
303,996,6,11,39,2026-03-29,2026-03,225243.16,0,,SB,SB,20260329,
304,1858,17,11,78,2026-07-12,2026-07,290104.23,1,2026-05-12,Maturity,Maturity,20260712,20260512.0
305,443,5,8,37,2026-03-09,2026-03,2892999.9,0,,Death,NEDC,20260309,
306,100,21,12,54,2026-07-16,2026-07,615941.36,0,,Maturity,Maturity,20260716,
307,1665,31,9,21,2026-07-05,2026-07,411399.74,0,,Maturity,Maturity,20260705,
308,485,40,6,29,2026-05-04,2026-05,102178.6,1,2026-04-05,Maturity,Maturity,20260504,20260405.0
309,811,26,3,17,2026-07-11,2026-07,213036.46,0,,Maturity,Maturity,20260711,
310,760,40,8,25,2026-03-18,2026-03,157363.74,0,,Maturity,Maturity,20260318,
311,1497,8,2,11,2026-03-09,2026-03,286902.26,1,2026-01-16,Maturity,Maturity,20260309,20260116.0
312,1326,7,10,53,2026-05-16,2026-05,37569.18,1,2026-03-16,SB,SB,20260516,20260316.0
313,545,36,3,38,2026-03-18,2026-03,25492.56,0,,SB,SB,20260318,
314,1278,13,8,65,2026-08-28,2026-08,370097.89,0,,Maturity,Maturity,20260828,
315,248,33,3,42,2026-06-01,2026-06,164759.08,1,2026-04-02,Maturity,Maturity,20260601,20260402.0
316,1202,10,3,39,2026-08-28,2026-08,249399.94,1,2026-08-10,Maturity,Maturity,20260828,20260810.0
317,338,26,2,39,2026-07-22,2026-07,233707.51,0,,Maturity,Maturity,20260722,
318,1309,18,10,65,2026-05-30,2026-05,257707.35,1,2026-05-04,Maturity,Maturity,20260530,20260504.0
319,748,21,8,60,2026-03-12,2026-03,201000.82,0,,Maturity,Maturity,20260312,
320,1246,37,1,67,2026-06-05,2026-06,432180.08,1,2026-04-25,Maturity,Maturity,20260605,20260425.0
321,1411,20,10,64,2026-05-17,2026-05,143993.69,1,2026-03-07,Maturity,Maturity,20260517,20260307.0
322,1931,3,5,16,2026-05-31,2026-05,234371.07,0,,Maturity,Maturity,20260531,
323,760,40,8,25,2026-03-09,2026-03,124116.74,1,2026-02-04,SB,SB,20260309,20260204.0
324,1426,11,12,26,2026-03-05,2026-03,53030.71,1,2026-01-25,SB,SB,20260305,20260125.0
325,474,38,4,21,2026-03-03,2026-03,236828.53,1,2026-02-09,Death,EDC,20260303,20260209.0
326,1985,13,9,19,2026-04-15,2026-04,164484.54,1,2026-03-02,Maturity,Maturity,20260415,20260302.0
327,102,31,5,44,2026-07-12,2026-07,54080.17,1,2026-06-09,SB,SB,20260712,20260609.0
328,1093,30,10,40,2026-06-21,2026-06,421041.77,1,2026-04-29,Maturity,Maturity,20260621,20260429.0
329,273,26,8,24,2026-08-29,2026-08,705407.46,1,2026-06-24,Death,NEDC,20260829,20260624.0
330,715,5,9,23,2026-03-31,2026-03,751591.87,0,,Death,NEDC,20260331,
331,1914,12,5,30,2026-07-10,2026-07,173023.18,1,2026-05-09,Maturity,Maturity,20260710,20260509.0
332,659,5,1,65,2026-04-29,2026-04,226537.84,1,2026-03-11,Maturity,IPP,20260429,20260311.0
333,1291,41,9,27,2026-07-01,2026-07,40807.85,1,2026-04-23,SB,SB,20260701,20260423.0
334,281,29,5,43,2026-04-18,2026-04,197159.73,0,,Maturity,Maturity,20260418,
335,586,23,11,50,2026-05-12,2026-05,73959.8,0,,SB,SB,20260512,
336,1972,30,11,45,2026-06-21,2026-06,39182.42,1,2026-05-27,SB,SB,20260621,20260527.0
337,1421,22,6,32,2026-06-19,2026-06,176045.05,1,2026-05-18,Maturity,Maturity,20260619,20260518.0
338,675,31,8,27,2026-04-12,2026-04,187972.96,0,,Maturity,Maturity,20260412,
339,186,6,6,29,2026-03-03,2026-03,135625.19,1,2026-01-20,Maturity,Maturity,20260303,20260120.0
340,34,32,6,24,2026-05-09,2026-05,27932.83,0,,SB,SB,20260509,
341,248,33,3,42,2026-06-30,2026-06,117574.95,0,,SB,SB,20260630,
342,1220,32,7,63,2026-04-21,2026-04,72638.72,1,2026-03-29,Maturity,Maturity,20260421,20260329.0
343,1289,41,4,3,2026-08-30,2026-08,100617.43,1,2026-07-01,Maturity,Maturity,20260830,20260701.0
344,581,29,3,79,2026-08-04,2026-08,318160.75,1,2026-06-18,Death,NEDC,20260804,20260618.0
345,1561,28,8,8,2026-05-10,2026-05,255207.5,1,2026-03-14,Maturity,Maturity,20260510,20260314.0
346,832,2,9,36,2026-05-23,2026-05,200213.55,1,2026-04-05,Maturity,Maturity,20260523,20260405.0
347,344,40,5,32,2026-03-01,2026-03,93387.96,0,,SB,SB,20260301,
348,1405,27,1,2,2026-06-21,2026-06,263350.63,1,2026-06-07,Maturity,Maturity,20260621,20260607.0
349,1011,15,2,53,2026-08-12,2026-08,33683.97,1,2026-06-20,SB,SB,20260812,20260620.0
350,108,42,7,15,2026-04-24,2026-04,110218.8,1,2026-04-10,Maturity,Maturity,20260424,20260410.0
351,835,39,6,58,2026-06-11,2026-06,128459.32,1,2026-05-24,Maturity,Maturity,20260611,20260524.0
352,481,21,1,3,2026-08-22,2026-08,757580.41,0,,Death,NEDC,20260822,
353,211,16,11,47,2026-07-31,2026-07,55441.4,0,,SB,SB,20260731,
354,1722,1,8,37,2026-03-08,2026-03,359364.54,1,2025-12-29,Maturity,Maturity,20260308,20251229.0
355,1110,11,8,56,2026-05-04,2026-05,152489.18,1,2026-03-03,Maturity,Maturity,20260504,20260303.0
356,917,28,7,73,2026-08-06,2026-08,235347.07,1,2026-07-21,Maturity,Maturity,20260806,20260721.0
357,920,5,10,14,2026-08-09,2026-08,967797.19,1,2026-07-10,Death,EDC,20260809,20260710.0
358,1552,23,9,2,2026-04-08,2026-04,408383.51,1,2026-02-24,Maturity,Maturity,20260408,20260224.0
359,1888,40,2,6,2026-03-11,2026-03,277725.58,1,2026-02-27,Maturity,Maturity,20260311,20260227.0
360,403,6,12,59,2026-06-30,2026-06,97170.46,1,2026-06-05,Maturity,Maturity,20260630,20260605.0
361,129,30,7,54,2026-08-01,2026-08,499226.27,0,,Maturity,Maturity,20260801,
362,748,21,8,60,2026-04-26,2026-04,308286.16,1,2026-04-15,Maturity,Maturity,20260426,20260415.0
363,767,7,9,27,2026-08-01,2026-08,1255411.22,1,2026-06-01,Death,EDC,20260801,20260601.0
364,139,23,1,24,2026-07-10,2026-07,265351.3,1,2026-06-04,Maturity,Maturity,20260710,20260604.0
365,867,29,2,77,2026-08-12,2026-08,472344.22,1,2026-07-24,Maturity,Maturity,20260812,20260724.0
366,648,10,3,24,2026-03-30,2026-03,399887.36,0,,Maturity,IPP,20260330,
367,1079,10,12,30,2026-06-12,2026-06,229310.03,0,,Maturity,Maturity,20260612,
368,127,33,10,56,2026-08-19,2026-08,110868.91,1,2026-07-17,Maturity,Maturity,20260819,20260717.0
369,368,34,9,75,2026-06-05,2026-06,293368.04,1,2026-05-20,Maturity,Maturity,20260605,20260520.0
370,154,15,6,22,2026-03-16,2026-03,254364.3,1,2026-02-10,Maturity,Maturity,20260316,20260210.0
371,1210,1,3,62,2026-04-25,2026-04,753379.77,1,2026-02-27,Maturity,IPP,20260425,20260227.0
372,1162,41,4,12,2026-06-03,2026-06,303873.9,1,2026-05-20,Maturity,IPP,20260603,20260520.0
373,1984,34,1,52,2026-05-31,2026-05,328255.1,1,2026-05-07,Maturity,IPP,20260531,20260507.0
374,438,8,4,66,2026-06-17,2026-06,251194.05,1,2026-04-14,Maturity,IPP,20260617,20260414.0
375,1423,29,11,1,2026-04-24,2026-04,992211.23,0,,Death,NEDC,20260424,
376,1196,20,11,78,2026-08-06,2026-08,81204.77,1,2026-06-19,Maturity,Maturity,20260806,20260619.0
377,1481,3,10,41,2026-05-01,2026-05,80809.22,1,2026-02-16,Maturity,Maturity,20260501,20260216.0
378,1173,3,1,33,2026-07-05,2026-07,624917.28,0,,Death,EDC,20260705,
379,1554,32,2,55,2026-05-22,2026-05,91106.64,1,2026-04-02,SB,SB,20260522,20260402.0
380,1075,34,9,71,2026-06-27,2026-06,43232.7,1,2026-05-14,SB,SB,20260627,20260514.0
381,1089,31,6,76,2026-06-23,2026-06,748396.18,1,2026-06-08,Maturity,Maturity,20260623,20260608.0
382,1976,18,11,62,2026-06-25,2026-06,59856.87,0,,SB,SB,20260625,
383,616,36,4,72,2026-04-25,2026-04,149054.32,1,2026-03-22,SB,SB,20260425,20260322.0
384,829,2,1,32,2026-04-29,2026-04,67009.97,0,,SB,SB,20260429,
385,880,13,1,16,2026-06-07,2026-06,398818.55,0,,Maturity,Maturity,20260607,
386,1135,2,4,40,2026-05-19,2026-05,719254.9,1,2026-04-05,Maturity,IPP,20260519,20260405.0
387,1462,21,1,47,2026-04-25,2026-04,77247.52,1,2026-04-13,SB,SB,20260425,20260413.0
388,541,39,7,41,2026-03-25,2026-03,37668.75,1,2026-02-10,SB,SB,20260325,20260210.0
389,1146,10,6,61,2026-04-16,2026-04,130604.36,1,2026-02-12,Maturity,Maturity,20260416,20260212.0
390,1121,14,6,64,2026-08-07,2026-08,768305.86,0,,Death,NEDC,20260807,
391,1407,21,6,72,2026-05-23,2026-05,173684.95,1,2026-04-30,Maturity,Maturity,20260523,20260430.0
392,1582,16,4,69,2026-07-11,2026-07,150986.61,0,,Maturity,Maturity,20260711,
393,1528,18,7,67,2026-04-14,2026-04,84501.77,1,2026-02-21,SB,SB,20260414,20260221.0
394,1736,42,12,27,2026-07-06,2026-07,160097.86,1,2026-06-09,Maturity,Maturity,20260706,20260609.0
395,1498,15,1,76,2026-05-12,2026-05,505677.1,1,2026-03-31,Maturity,IPP,20260512,20260331.0
396,501,32,3,7,2026-03-11,2026-03,1054412.16,1,2026-02-12,Death,EDC,20260311,20260212.0
397,1155,36,12,42,2026-08-07,2026-08,91831.07,1,2026-07-18,Maturity,Maturity,20260807,20260718.0
398,53,36,2,21,2026-05-31,2026-05,115118.44,0,,SB,SB,20260531,
399,886,31,1,18,2026-04-05,2026-04,320864.48,0,,Maturity,Maturity,20260405,
400,389,15,5,5,2026-05-23,2026-05,615371.04,0,,Death,EDC,20260523,
401,1414,21,11,62,2026-04-26,2026-04,12977.91,0,,SB,SB,20260426,
402,1431,39,9,20,2026-04-12,2026-04,145886.43,1,2026-03-21,Maturity,Maturity,20260412,20260321.0
403,1611,23,6,64,2026-07-26,2026-07,268298.61,1,2026-06-27,SB,SB,20260726,20260627.0
404,431,4,4,12,2026-05-11,2026-05,39969.07,1,2026-03-27,SB,SB,20260511,20260327.0
405,1763,39,8,15,2026-03-09,2026-03,209179.76,1,2026-02-09,Maturity,Maturity,20260309,20260209.0
406,531,6,5,4,2026-06-26,2026-06,223039.7,1,2026-05-31,Maturity,Maturity,20260626,20260531.0
407,1779,20,10,40,2026-04-24,2026-04,29421.81,0,,SB,SB,20260424,
408,274,3,1,39,2026-03-22,2026-03,181253.34,0,,Maturity,Maturity,20260322,
409,1671,13,7,70,2026-08-30,2026-08,382757.71,0,,Maturity,Maturity,20260830,
410,1647,12,12,59,2026-06-01,2026-06,887949.26,1,2026-04-26,Death,NEDC,20260601,20260426.0
411,771,18,10,16,2026-03-12,2026-03,206618.3,0,,SB,SB,20260312,
412,1216,10,12,57,2026-05-21,2026-05,67438.38,1,2026-03-14,SB,SB,20260521,20260314.0
413,529,2,4,48,2026-06-01,2026-06,255141.31,1,2026-04-12,Maturity,IPP,20260601,20260412.0
414,1881,9,10,34,2026-08-12,2026-08,137464.53,1,2026-07-16,Maturity,Maturity,20260812,20260716.0
415,1911,34,12,28,2026-08-31,2026-08,79517.96,0,,SB,SB,20260831,
416,459,16,6,51,2026-03-08,2026-03,61429.89,1,2026-02-11,SB,SB,20260308,20260211.0
417,1777,6,5,29,2026-04-22,2026-04,436603.86,1,2026-03-07,Maturity,Maturity,20260422,20260307.0
418,289,35,3,22,2026-08-09,2026-08,371485.56,1,2026-07-23,Maturity,Maturity,20260809,20260723.0
419,1405,27,1,2,2026-07-13,2026-07,281521.55,0,,Maturity,Maturity,20260713,
420,515,34,8,2,2026-08-11,2026-08,18146.95,0,,SB,SB,20260811,
421,1,27,11,74,2026-08-28,2026-08,323718.06,1,2026-06-17,Maturity,Maturity,20260828,20260617.0
422,1264,27,3,19,2026-08-29,2026-08,502344.23,1,2026-06-21,Maturity,Maturity,20260829,20260621.0
423,1058,34,6,9,2026-04-04,2026-04,142735.78,1,2026-03-01,Maturity,Maturity,20260404,20260301.0
424,284,8,11,38,2026-06-12,2026-06,235574.47,1,2026-04-26,Maturity,Maturity,20260612,20260426.0
425,609,19,11,45,2026-07-26,2026-07,405973.0,0,,Maturity,Maturity,20260726,
426,145,8,5,76,2026-05-23,2026-05,84056.93,0,,SB,SB,20260523,
427,1076,5,2,17,2026-04-02,2026-04,296362.58,0,,Maturity,Maturity,20260402,
428,1638,33,3,4,2026-05-27,2026-05,210262.17,1,2026-03-23,SB,SB,20260527,20260323.0
429,679,19,2,28,2026-07-22,2026-07,64629.72,1,2026-06-05,SB,SB,20260722,20260605.0
430,1766,25,11,14,2026-05-31,2026-05,205799.6,1,2026-04-28,Maturity,Maturity,20260531,20260428.0
431,1726,30,8,16,2026-04-03,2026-04,425896.45,1,2026-02-10,Maturity,Maturity,20260403,20260210.0
432,701,12,11,64,2026-06-07,2026-06,231307.59,1,2026-05-20,Maturity,Maturity,20260607,20260520.0
433,797,39,4,73,2026-06-22,2026-06,383785.08,0,,Maturity,IPP,20260622,
434,663,1,11,31,2026-06-01,2026-06,393679.58,1,2026-03-29,Maturity,Maturity,20260601,20260329.0
435,1413,25,11,18,2026-07-20,2026-07,106331.94,1,2026-06-04,SB,SB,20260720,20260604.0
436,143,4,11,11,2026-08-13,2026-08,183977.79,1,2026-06-13,Maturity,Maturity,20260813,20260613.0
437,1965,14,2,79,2026-08-10,2026-08,286776.76,0,,Maturity,Maturity,20260810,
438,8,32,11,31,2026-08-08,2026-08,141446.64,1,2026-06-23,SB,SB,20260808,20260623.0
439,806,25,2,8,2026-05-08,2026-05,104941.75,1,2026-03-09,SB,SB,20260508,20260309.0
440,504,32,11,34,2026-07-15,2026-07,125243.69,1,2026-05-11,Maturity,Maturity,20260715,20260511.0
441,317,24,9,64,2026-07-18,2026-07,111257.46,0,,Maturity,Maturity,20260718,
442,1554,32,2,55,2026-05-26,2026-05,225002.59,1,2026-03-19,Maturity,Maturity,20260526,20260319.0
443,1872,33,10,45,2026-05-03,2026-05,246961.27,0,,Maturity,Maturity,20260503,
444,921,21,8,8,2026-04-10,2026-04,424940.07,0,,Maturity,Maturity,20260410,
445,448,1,6,1,2026-08-24,2026-08,92272.2,1,2026-07-21,Maturity,Maturity,20260824,20260721.0
446,155,13,6,45,2026-06-26,2026-06,523748.23,1,2026-06-16,Maturity,Maturity,20260626,20260616.0
447,1487,13,12,71,2026-05-10,2026-05,205725.83,0,,Maturity,Maturity,20260510,
448,1967,31,6,39,2026-08-04,2026-08,196394.59,0,,Maturity,Maturity,20260804,
449,816,27,7,47,2026-04-23,2026-04,169347.65,1,2026-04-02,Maturity,Maturity,20260423,20260402.0
450,612,35,5,55,2026-06-30,2026-06,95711.62,1,2026-06-20,SB,SB,20260630,20260620.0
451,58,37,5,57,2026-05-25,2026-05,438276.76,1,2026-03-25,Death,NEDC,20260525,20260325.0
452,8,32,11,31,2026-05-09,2026-05,487395.34,1,2026-03-20,Maturity,Maturity,20260509,20260320.0
453,741,24,12,76,2026-03-26,2026-03,202397.65,1,2026-02-19,Maturity,Maturity,20260326,20260219.0
454,776,23,8,25,2026-04-04,2026-04,37219.51,0,,SB,SB,20260404,
455,687,34,7,30,2026-06-13,2026-06,151527.02,1,2026-05-12,SB,SB,20260613,20260512.0
456,348,23,9,12,2026-06-03,2026-06,118574.1,1,2026-03-28,SB,SB,20260603,20260328.0
457,1631,13,5,14,2026-06-26,2026-06,144705.31,1,2026-06-08,Maturity,Maturity,20260626,20260608.0
458,1291,41,9,27,2026-08-07,2026-08,241952.07,0,,Maturity,Maturity,20260807,
459,1491,10,7,55,2026-05-09,2026-05,38408.49,0,,SB,SB,20260509,
460,1312,18,4,3,2026-03-05,2026-03,407516.01,1,2026-01-01,Maturity,IPP,20260305,20260101.0
461,1491,10,7,55,2026-07-28,2026-07,222834.6,0,,Maturity,Maturity,20260728,
462,1839,23,10,32,2026-08-01,2026-08,277150.58,1,2026-06-26,Maturity,Maturity,20260801,20260626.0
463,38,26,12,32,2026-08-09,2026-08,116182.33,0,,SB,SB,20260809,
464,1779,20,10,40,2026-06-30,2026-06,453788.37,1,2026-06-01,Maturity,Maturity,20260630,20260601.0
465,1601,1,4,4,2026-04-29,2026-04,30248.97,0,,SB,SB,20260429,
466,1037,32,10,68,2026-08-14,2026-08,365001.63,1,2026-06-11,Maturity,Maturity,20260814,20260611.0
467,929,14,11,23,2026-06-13,2026-06,369373.43,0,,Maturity,Maturity,20260613,
468,761,2,3,14,2026-03-01,2026-03,149832.93,0,,SB,SB,20260301,
469,5,36,10,41,2026-07-12,2026-07,78679.03,0,,SB,SB,20260712,
470,881,14,10,54,2026-08-23,2026-08,108949.87,1,2026-07-31,SB,SB,20260823,20260731.0
471,29,22,1,54,2026-04-17,2026-04,80073.42,1,2026-03-23,SB,SB,20260417,20260323.0
472,502,41,10,62,2026-05-20,2026-05,42235.16,0,,SB,SB,20260520,
473,391,35,6,70,2026-04-19,2026-04,59987.82,1,2026-02-09,SB,SB,20260419,20260209.0
474,1357,29,4,51,2026-06-18,2026-06,1785294.66,1,2026-04-24,Death,NEDC,20260618,20260424.0
475,1809,11,4,13,2026-06-09,2026-06,2215536.71,1,2026-04-01,Death,NEDC,20260609,20260401.0
476,1938,35,9,32,2026-05-10,2026-05,190579.88,1,2026-03-13,Maturity,Maturity,20260510,20260313.0
477,146,26,10,8,2026-04-28,2026-04,239448.68,1,2026-02-15,Maturity,Maturity,20260428,20260215.0
478,918,5,12,74,2026-04-15,2026-04,150675.47,1,2026-03-13,Maturity,Maturity,20260415,20260313.0
479,1219,32,12,75,2026-07-11,2026-07,296939.69,1,2026-05-29,Maturity,Maturity,20260711,20260529.0
480,1201,6,5,60,2026-08-03,2026-08,129527.2,1,2026-07-19,Maturity,Maturity,20260803,20260719.0
481,1071,21,6,39,2026-06-24,2026-06,1683993.48,1,2026-05-10,Death,NEDC,20260624,20260510.0
482,1534,1,12,55,2026-05-06,2026-05,32479.7,1,2026-03-02,SB,SB,20260506,20260302.0
483,1110,11,8,56,2026-07-27,2026-07,56221.15,1,2026-07-03,SB,SB,20260727,20260703.0
484,1725,36,6,64,2026-07-25,2026-07,856448.9,0,,Death,EDC,20260725,
485,528,18,6,60,2026-06-06,2026-06,294591.84,0,,SB,SB,20260606,
486,1447,32,1,13,2026-08-10,2026-08,303283.81,0,,Maturity,Maturity,20260810,
487,1207,20,6,76,2026-04-25,2026-04,90411.75,1,2026-02-11,SB,SB,20260425,20260211.0
488,1821,9,9,39,2026-06-08,2026-06,227728.99,0,,Maturity,Maturity,20260608,
489,643,11,9,29,2026-03-24,2026-03,239625.77,1,2026-02-03,Maturity,Maturity,20260324,20260203.0
490,578,26,8,35,2026-08-06,2026-08,70309.15,1,2026-07-01,SB,SB,20260806,20260701.0
491,1640,6,12,30,2026-03-19,2026-03,120763.38,1,2026-01-31,SB,SB,20260319,20260131.0
492,293,14,10,10,2026-06-02,2026-06,104725.68,1,2026-05-20,SB,SB,20260602,20260520.0
493,1588,18,4,75,2026-03-02,2026-03,595196.59,1,2026-01-12,Death,NEDC,20260302,20260112.0
494,444,30,1,48,2026-05-02,2026-05,249445.89,1,2026-02-25,Maturity,Maturity,20260502,20260225.0
495,1998,18,2,66,2026-04-06,2026-04,35521.87,1,2026-02-14,SB,SB,20260406,20260214.0
496,1830,6,9,62,2026-03-03,2026-03,543847.35,0,,Maturity,Maturity,20260303,
497,268,22,12,61,2026-08-14,2026-08,305918.74,0,,Maturity,Maturity,20260814,
498,1472,22,4,74,2026-03-17,2026-03,233425.3,1,2026-02-15,Maturity,Maturity,20260317,20260215.0
499,1353,31,11,79,2026-05-28,2026-05,683450.18,0,,Death,EDC,20260528,
500,675,31,8,27,2026-05-18,2026-05,107353.61,1,2026-04-20,SB,SB,20260518,20260420.0
501,1152,27,1,36,2026-08-29,2026-08,949329.86,1,2026-08-17,Death,EDC,20260829,20260817.0
502,516,27,2,54,2026-05-22,2026-05,179590.95,1,2026-03-28,Maturity,Maturity,20260522,20260328.0
503,374,11,12,32,2026-04-12,2026-04,62083.74,1,2026-02-15,SB,SB,20260412,20260215.0
504,895,29,9,4,2026-05-16,2026-05,37094.68,1,2026-03-11,SB,SB,20260516,20260311.0
505,1883,13,3,59,2026-07-20,2026-07,663043.47,0,,Death,EDC,20260720,
506,1863,40,11,7,2026-05-01,2026-05,205506.0,1,2026-03-15,Maturity,Maturity,20260501,20260315.0
507,1212,26,5,12,2026-05-10,2026-05,845823.24,0,,Death,NEDC,20260510,
508,1924,8,10,79,2026-08-15,2026-08,189247.89,0,,Maturity,Maturity,20260815,
509,354,26,6,80,2026-04-20,2026-04,109542.83,1,2026-03-21,SB,SB,20260420,20260321.0
510,1903,8,12,16,2026-07-07,2026-07,55011.13,1,2026-05-16,SB,SB,20260707,20260516.0
511,699,15,6,11,2026-06-24,2026-06,97153.4,0,,Maturity,Maturity,20260624,
512,945,5,5,33,2026-06-13,2026-06,277860.63,0,,SB,SB,20260613,
513,1426,11,12,26,2026-08-24,2026-08,81148.38,1,2026-06-11,Maturity,Maturity,20260824,20260611.0
514,1736,42,12,27,2026-03-08,2026-03,305965.34,0,,Maturity,Maturity,20260308,
515,1027,38,12,27,2026-05-22,2026-05,275339.19,1,2026-03-14,Maturity,Maturity,20260522,20260314.0
516,1862,18,5,64,2026-06-05,2026-06,444635.95,0,,Death,EDC,20260605,
517,923,40,10,58,2026-07-01,2026-07,123949.25,0,,Maturity,Maturity,20260701,
518,1119,27,5,3,2026-04-08,2026-04,89058.67,1,2026-02-10,SB,SB,20260408,20260210.0
519,119,35,5,23,2026-08-23,2026-08,160699.62,0,,Maturity,Maturity,20260823,
520,1120,25,10,50,2026-06-11,2026-06,803095.95,0,,Death,NEDC,20260611,
521,139,23,1,24,2026-04-15,2026-04,173565.37,1,2026-02-12,Maturity,Maturity,20260415,20260212.0
522,788,42,8,11,2026-07-09,2026-07,78712.84,1,2026-05-16,SB,SB,20260709,20260516.0
523,1498,15,1,76,2026-06-23,2026-06,129647.64,0,,Maturity,IPP,20260623,
524,1179,32,3,72,2026-05-14,2026-05,213404.89,1,2026-03-28,SB,SB,20260514,20260328.0
525,821,31,1,43,2026-04-25,2026-04,220559.07,1,2026-04-07,Maturity,IPP,20260425,20260407.0
526,802,3,8,46,2026-06-20,2026-06,292817.0,1,2026-05-23,Maturity,Maturity,20260620,20260523.0
527,1392,14,8,53,2026-08-07,2026-08,210715.77,0,,Maturity,Maturity,20260807,
528,878,40,6,17,2026-08-21,2026-08,106874.17,1,2026-08-05,SB,SB,20260821,20260805.0
529,1277,13,10,70,2026-05-04,2026-05,451831.81,0,,Maturity,Maturity,20260504,
530,1588,18,4,75,2026-08-01,2026-08,32881.94,1,2026-07-18,SB,SB,20260801,20260718.0
531,395,40,11,55,2026-03-12,2026-03,867226.75,1,2026-01-03,Death,EDC,20260312,20260103.0
532,1989,6,3,41,2026-03-29,2026-03,387418.95,1,2026-01-26,Maturity,IPP,20260329,20260126.0
533,316,21,5,49,2026-08-22,2026-08,171583.77,1,2026-06-29,Maturity,Maturity,20260822,20260629.0
534,1647,12,12,59,2026-04-20,2026-04,269895.15,0,,Maturity,Maturity,20260420,
535,1720,27,2,16,2026-07-14,2026-07,276247.05,1,2026-06-26,Maturity,Maturity,20260714,20260626.0
536,855,34,3,60,2026-08-22,2026-08,162718.89,0,,Maturity,IPP,20260822,
537,272,3,3,54,2026-07-09,2026-07,210196.38,1,2026-06-22,Maturity,IPP,20260709,20260622.0
538,661,31,11,20,2026-03-31,2026-03,309377.23,1,2026-02-02,Maturity,Maturity,20260331,20260202.0
539,653,32,8,43,2026-05-01,2026-05,16879.58,1,2026-03-23,SB,SB,20260501,20260323.0
540,1402,4,11,67,2026-03-11,2026-03,207102.34,1,2026-01-10,Maturity,Maturity,20260311,20260110.0
541,1948,7,7,10,2026-04-21,2026-04,68843.7,0,,Maturity,Maturity,20260421,
542,1023,22,12,8,2026-03-10,2026-03,69946.79,1,2025-12-29,SB,SB,20260310,20251229.0
543,1071,21,6,39,2026-03-19,2026-03,1221372.72,1,2026-01-30,Death,NEDC,20260319,20260130.0
544,672,39,1,65,2026-07-11,2026-07,68328.69,0,,SB,SB,20260711,
545,735,39,4,74,2026-05-24,2026-05,947456.16,1,2026-04-14,Death,NEDC,20260524,20260414.0
546,205,34,5,11,2026-07-05,2026-07,1020310.61,1,2026-06-06,Death,EDC,20260705,20260606.0
547,522,18,8,13,2026-05-17,2026-05,451513.13,1,2026-04-02,Maturity,Maturity,20260517,20260402.0
548,563,3,7,33,2026-07-11,2026-07,555035.38,1,2026-05-01,Maturity,Maturity,20260711,20260501.0
549,108,42,7,15,2026-03-11,2026-03,235107.86,1,2026-01-19,Maturity,Maturity,20260311,20260119.0
550,915,35,8,52,2026-04-18,2026-04,80061.33,1,2026-03-25,Maturity,Maturity,20260418,20260325.0
551,1612,41,6,18,2026-03-15,2026-03,186163.06,0,,SB,SB,20260315,
552,1656,7,7,56,2026-04-13,2026-04,216311.43,0,,Maturity,Maturity,20260413,
553,272,3,3,54,2026-06-07,2026-06,167166.09,0,,Maturity,Maturity,20260607,
554,732,36,10,7,2026-05-07,2026-05,348467.82,0,,Maturity,Maturity,20260507,
555,784,7,9,9,2026-05-27,2026-05,433162.21,1,2026-05-10,Maturity,Maturity,20260527,20260510.0
556,666,15,2,34,2026-07-04,2026-07,989070.96,0,,Maturity,Maturity,20260704,
557,1827,4,3,27,2026-06-29,2026-06,286360.12,0,,Maturity,IPP,20260629,
558,533,2,11,2,2026-07-05,2026-07,144449.59,1,2026-05-18,Maturity,Maturity,20260705,20260518.0
559,1050,23,2,42,2026-06-07,2026-06,40674.15,1,2026-04-03,SB,SB,20260607,20260403.0
560,968,40,11,14,2026-04-10,2026-04,370737.27,1,2026-03-22,Death,EDC,20260410,20260322.0
561,295,42,12,54,2026-08-23,2026-08,40377.07,1,2026-06-13,SB,SB,20260823,20260613.0
562,1707,28,9,52,2026-03-21,2026-03,107795.0,0,,Maturity,Maturity,20260321,
563,1084,23,1,12,2026-06-09,2026-06,124330.22,0,,Maturity,IPP,20260609,
564,35,18,10,36,2026-08-11,2026-08,82273.52,1,2026-06-17,Maturity,Maturity,20260811,20260617.0
565,478,13,8,70,2026-03-31,2026-03,53220.68,1,2026-01-28,SB,SB,20260331,20260128.0
566,1681,36,7,15,2026-03-22,2026-03,280659.2,0,,Maturity,Maturity,20260322,
567,86,15,12,12,2026-08-04,2026-08,105679.71,0,,SB,SB,20260804,
568,927,36,6,15,2026-04-25,2026-04,414447.54,0,,Maturity,Maturity,20260425,
569,503,19,2,61,2026-03-16,2026-03,527073.26,1,2026-01-07,Maturity,Maturity,20260316,20260107.0
570,1807,33,11,68,2026-08-23,2026-08,11980.39,1,2026-06-25,SB,SB,20260823,20260625.0
571,1659,37,1,77,2026-05-03,2026-05,728377.39,0,,Death,EDC,20260503,
572,1877,16,6,30,2026-05-15,2026-05,221727.26,1,2026-04-04,Maturity,Maturity,20260515,20260404.0
573,1317,26,4,43,2026-04-04,2026-04,320800.67,0,,Maturity,Maturity,20260404,
574,93,38,5,55,2026-05-30,2026-05,39030.51,0,,SB,SB,20260530,
575,682,30,10,76,2026-08-21,2026-08,74404.73,0,,SB,SB,20260821,
576,1108,8,7,58,2026-04-19,2026-04,148569.25,1,2026-02-08,SB,SB,20260419,20260208.0
577,1096,7,7,57,2026-05-24,2026-05,198179.71,1,2026-04-18,Maturity,Maturity,20260524,20260418.0
578,1247,36,5,41,2026-06-23,2026-06,56579.58,0,,SB,SB,20260623,
579,570,23,12,53,2026-04-02,2026-04,122982.55,1,2026-02-12,SB,SB,20260402,20260212.0
580,436,37,11,10,2026-03-22,2026-03,69480.5,0,,Maturity,Maturity,20260322,
581,1185,14,10,1,2026-08-17,2026-08,387647.42,0,,Maturity,Maturity,20260817,
582,1578,14,10,2,2026-03-16,2026-03,223203.77,0,,Maturity,Maturity,20260316,
583,136,18,10,29,2026-06-09,2026-06,174323.13,1,2026-05-14,SB,SB,20260609,20260514.0
584,975,26,1,12,2026-04-18,2026-04,317269.32,1,2026-02-09,SB,SB,20260418,20260209.0
585,1778,41,7,55,2026-03-25,2026-03,49109.13,0,,SB,SB,20260325,
586,1682,30,7,51,2026-04-30,2026-04,440191.07,1,2026-04-04,Death,NEDC,20260430,20260404.0
587,277,30,11,33,2026-04-09,2026-04,381139.75,1,2026-02-06,SB,SB,20260409,20260206.0
588,690,1,12,1,2026-06-26,2026-06,809793.24,1,2026-05-15,Death,NEDC,20260626,20260515.0
589,225,4,2,67,2026-08-17,2026-08,253006.54,0,,Maturity,IPP,20260817,
590,1249,35,10,80,2026-05-24,2026-05,115345.87,1,2026-03-19,Maturity,Maturity,20260524,20260319.0
591,27,20,11,77,2026-04-21,2026-04,246118.93,1,2026-03-09,Maturity,Maturity,20260421,20260309.0
592,1873,10,7,11,2026-06-27,2026-06,157512.2,1,2026-05-14,Maturity,Maturity,20260627,20260514.0
593,420,19,12,4,2026-07-02,2026-07,111364.31,0,,Maturity,Maturity,20260702,
594,1578,14,10,2,2026-06-09,2026-06,160608.87,0,,Maturity,Maturity,20260609,
595,1416,1,4,3,2026-06-03,2026-06,268273.49,1,2026-05-09,Maturity,Maturity,20260603,20260509.0
596,1174,24,3,72,2026-08-15,2026-08,218863.18,1,2026-06-21,Maturity,Maturity,20260815,20260621.0
597,1174,24,3,72,2026-07-03,2026-07,112947.8,1,2026-05-08,Maturity,Maturity,20260703,20260508.0
598,1820,5,8,55,2026-07-29,2026-07,385684.36,0,,Maturity,Maturity,20260729,
599,1697,10,5,34,2026-06-08,2026-06,50726.08,0,,SB,SB,20260608,
600,1124,26,4,80,2026-06-04,2026-06,295755.95,1,2026-04-13,Maturity,IPP,20260604,20260413.0
601,3,28,4,23,2026-03-27,2026-03,691412.16,0,,Maturity,IPP,20260327,
602,554,11,8,12,2026-05-11,2026-05,80570.55,1,2026-03-15,Maturity,Maturity,20260511,20260315.0
603,1786,37,5,7,2026-03-04,2026-03,51277.81,1,2026-02-16,SB,SB,20260304,20260216.0
604,91,41,5,59,2026-07-11,2026-07,51562.12,1,2026-05-19,SB,SB,20260711,20260519.0
605,1986,18,10,26,2026-03-24,2026-03,429901.06,1,2026-01-14,Maturity,Maturity,20260324,20260114.0
606,1867,33,2,31,2026-06-02,2026-06,573525.03,1,2026-04-13,Maturity,Maturity,20260602,20260413.0
607,681,12,10,66,2026-07-07,2026-07,624807.7,1,2026-06-08,Maturity,Maturity,20260707,20260608.0
608,1251,25,12,17,2026-05-15,2026-05,57585.14,1,2026-03-05,SB,SB,20260515,20260305.0
609,36,16,12,53,2026-03-25,2026-03,392230.31,0,,Maturity,Maturity,20260325,
610,1730,20,2,34,2026-08-13,2026-08,212812.49,1,2026-08-03,Maturity,Maturity,20260813,20260803.0
611,466,28,12,51,2026-05-16,2026-05,173825.32,1,2026-04-30,Maturity,Maturity,20260516,20260430.0
612,1524,36,10,52,2026-03-23,2026-03,165323.25,1,2026-02-08,Maturity,Maturity,20260323,20260208.0
613,942,19,3,5,2026-06-03,2026-06,228291.26,1,2026-04-10,Maturity,IPP,20260603,20260410.0
614,943,37,5,8,2026-04-02,2026-04,211320.72,1,2026-01-19,Maturity,Maturity,20260402,20260119.0
615,749,29,3,70,2026-07-21,2026-07,258874.59,0,,Death,EDC,20260721,
616,1345,22,9,32,2026-04-27,2026-04,405083.55,1,2026-04-15,Maturity,Maturity,20260427,20260415.0
617,1052,6,9,51,2026-06-16,2026-06,339762.35,1,2026-05-13,Death,NEDC,20260616,20260513.0
618,1862,18,5,64,2026-06-04,2026-06,35005.43,0,,SB,SB,20260604,
619,1478,24,11,17,2026-06-13,2026-06,399681.83,0,,Maturity,Maturity,20260613,
620,8,32,11,31,2026-04-30,2026-04,355235.52,0,,Maturity,Maturity,20260430,
621,1546,7,8,57,2026-05-10,2026-05,19576.29,0,,SB,SB,20260510,
622,1719,13,4,7,2026-04-05,2026-04,237254.46,1,2026-01-25,SB,SB,20260405,20260125.0
623,1612,41,6,18,2026-04-21,2026-04,95459.44,1,2026-03-12,SB,SB,20260421,20260312.0
624,1790,4,12,27,2026-04-02,2026-04,141545.4,1,2026-03-08,Maturity,Maturity,20260402,20260308.0
625,1054,25,6,2,2026-04-17,2026-04,58822.77,0,,SB,SB,20260417,
626,567,18,10,78,2026-05-11,2026-05,701893.24,1,2026-02-28,Maturity,Maturity,20260511,20260228.0
627,861,11,7,71,2026-08-29,2026-08,313380.67,1,2026-07-13,Maturity,Maturity,20260829,20260713.0
628,1325,7,11,8,2026-04-18,2026-04,40481.86,1,2026-03-27,SB,SB,20260418,20260327.0
629,345,41,3,50,2026-03-28,2026-03,1355024.47,0,,Death,NEDC,20260328,
630,64,21,11,14,2026-07-03,2026-07,31576.12,0,,SB,SB,20260703,
631,739,5,2,21,2026-04-05,2026-04,53482.49,1,2026-02-25,SB,SB,20260405,20260225.0
632,772,38,12,61,2026-08-21,2026-08,63625.41,1,2026-06-12,SB,SB,20260821,20260612.0
633,1550,9,6,52,2026-04-17,2026-04,229183.99,1,2026-03-14,Maturity,Maturity,20260417,20260314.0
634,941,31,10,43,2026-04-08,2026-04,170233.03,1,2026-02-14,Maturity,Maturity,20260408,20260214.0
635,985,4,5,13,2026-05-18,2026-05,229106.83,1,2026-04-07,Maturity,Maturity,20260518,20260407.0
636,1058,34,6,9,2026-05-03,2026-05,99328.58,0,,Maturity,Maturity,20260503,
637,1740,9,4,47,2026-04-09,2026-04,420665.84,1,2026-02-26,Death,EDC,20260409,20260226.0
638,1434,33,12,48,2026-06-16,2026-06,146839.98,1,2026-04-05,Maturity,Maturity,20260616,20260405.0
639,826,24,2,3,2026-05-01,2026-05,642581.14,0,,Maturity,Maturity,20260501,
640,1346,7,1,18,2026-05-06,2026-05,1721848.78,1,2026-04-13,Death,EDC,20260506,20260413.0
641,761,2,3,14,2026-04-17,2026-04,264430.88,0,,Maturity,Maturity,20260417,
642,960,3,1,80,2026-08-20,2026-08,528871.21,1,2026-07-20,Maturity,Maturity,20260820,20260720.0
643,604,12,12,17,2026-05-10,2026-05,81751.7,1,2026-03-26,SB,SB,20260510,20260326.0
644,1816,41,11,13,2026-08-17,2026-08,455155.88,1,2026-08-03,Maturity,Maturity,20260817,20260803.0
645,741,24,12,76,2026-08-15,2026-08,61806.62,0,,SB,SB,20260815,
646,1154,7,3,34,2026-03-22,2026-03,144377.43,1,2026-01-16,Maturity,Maturity,20260322,20260116.0
647,1912,14,12,23,2026-08-31,2026-08,447995.78,1,2026-08-04,Maturity,Maturity,20260831,20260804.0
648,313,5,4,76,2026-05-02,2026-05,372733.14,1,2026-02-19,Maturity,IPP,20260502,20260219.0
649,1485,11,1,71,2026-08-03,2026-08,340110.52,1,2026-07-02,Maturity,IPP,20260803,20260702.0
650,244,29,9,36,2026-06-10,2026-06,229641.47,1,2026-05-10,Maturity,Maturity,20260610,20260510.0
651,1030,35,5,58,2026-07-31,2026-07,650474.96,0,,Death,EDC,20260731,
652,311,42,2,58,2026-07-23,2026-07,832582.79,0,,Death,EDC,20260723,
653,966,17,3,57,2026-05-16,2026-05,55449.22,0,,SB,SB,20260516,
654,1174,24,3,72,2026-05-08,2026-05,216841.65,1,2026-02-28,Maturity,IPP,20260508,20260228.0
655,648,10,3,24,2026-04-18,2026-04,118230.62,1,2026-03-17,SB,SB,20260418,20260317.0
656,1788,42,2,43,2026-03-01,2026-03,302041.05,0,,SB,SB,20260301,
657,1111,8,10,63,2026-05-22,2026-05,116968.67,1,2026-05-10,SB,SB,20260522,20260510.0
658,918,5,12,74,2026-03-19,2026-03,438196.23,1,2026-02-12,Maturity,Maturity,20260319,20260212.0
659,1820,5,8,55,2026-04-02,2026-04,75793.49,0,,SB,SB,20260402,
660,1659,37,1,77,2026-08-15,2026-08,379743.45,1,2026-07-13,Maturity,IPP,20260815,20260713.0
661,1190,40,8,42,2026-05-17,2026-05,217151.81,1,2026-03-05,Maturity,Maturity,20260517,20260305.0
662,532,14,4,29,2026-04-24,2026-04,323180.84,1,2026-03-11,Maturity,IPP,20260424,20260311.0
663,862,37,11,20,2026-04-25,2026-04,183752.39,0,,Maturity,Maturity,20260425,
664,643,11,9,29,2026-08-24,2026-08,366490.52,1,2026-07-10,Maturity,Maturity,20260824,20260710.0
665,1075,34,9,71,2026-04-05,2026-04,212985.45,1,2026-02-09,Maturity,Maturity,20260405,20260209.0
666,1677,28,11,37,2026-03-20,2026-03,618037.65,0,,Death,EDC,20260320,
667,1727,15,1,2,2026-06-16,2026-06,256827.49,1,2026-05-24,Maturity,Maturity,20260616,20260524.0
668,948,34,1,44,2026-04-08,2026-04,330616.25,0,,Maturity,IPP,20260408,
669,1195,42,3,16,2026-05-22,2026-05,319651.92,0,,Maturity,IPP,20260522,
670,1234,7,12,7,2026-07-14,2026-07,233766.77,1,2026-05-03,Maturity,Maturity,20260714,20260503.0
671,1190,40,8,42,2026-06-30,2026-06,435176.75,1,2026-06-14,Maturity,Maturity,20260630,20260614.0
672,1045,30,6,20,2026-07-13,2026-07,286461.2,0,,Death,NEDC,20260713,
673,344,40,5,32,2026-06-24,2026-06,321396.47,0,,Maturity,Maturity,20260624,
674,1127,20,7,70,2026-06-16,2026-06,1207206.79,0,,Maturity,Maturity,20260616,
675,540,42,5,25,2026-04-05,2026-04,139282.59,0,,SB,SB,20260405,
676,908,35,2,60,2026-08-11,2026-08,497096.07,1,2026-06-30,Maturity,Maturity,20260811,20260630.0
677,1764,10,7,29,2026-07-28,2026-07,45471.1,0,,Maturity,Maturity,20260728,
678,35,18,10,36,2026-07-04,2026-07,36923.69,0,,SB,SB,20260704,
679,817,2,5,22,2026-07-07,2026-07,187901.97,1,2026-04-29,Maturity,Maturity,20260707,20260429.0
680,488,40,4,73,2026-03-19,2026-03,129133.73,1,2026-02-23,SB,SB,20260319,20260223.0
681,1396,1,5,15,2026-08-25,2026-08,127780.22,0,,Maturity,Maturity,20260825,
682,235,23,7,17,2026-03-15,2026-03,383339.08,0,,Death,EDC,20260315,
683,1295,25,6,28,2026-08-28,2026-08,35908.32,1,2026-07-30,SB,SB,20260828,20260730.0
684,1512,40,7,10,2026-03-24,2026-03,124868.97,0,,Maturity,Maturity,20260324,
685,1800,19,8,16,2026-06-24,2026-06,107705.19,1,2026-06-08,SB,SB,20260624,20260608.0
686,205,34,5,11,2026-08-15,2026-08,393502.45,1,2026-06-12,Maturity,Maturity,20260815,20260612.0
687,1162,41,4,12,2026-04-22,2026-04,91636.61,0,,SB,SB,20260422,
688,1106,30,4,38,2026-08-08,2026-08,185463.34,1,2026-07-14,Maturity,IPP,20260808,20260714.0
689,1736,42,12,27,2026-05-20,2026-05,30568.44,0,,SB,SB,20260520,
690,1562,18,6,36,2026-04-10,2026-04,407361.32,1,2026-03-29,Maturity,Maturity,20260410,20260329.0
691,1571,35,12,20,2026-08-25,2026-08,308991.24,1,2026-08-02,Maturity,Maturity,20260825,20260802.0
692,1656,7,7,56,2026-08-28,2026-08,123647.48,1,2026-07-23,Maturity,Maturity,20260828,20260723.0
693,1695,17,11,7,2026-03-03,2026-03,174263.08,0,,Maturity,Maturity,20260303,
694,1875,8,9,7,2026-04-21,2026-04,636606.46,0,,Maturity,Maturity,20260421,
695,1465,25,5,78,2026-07-20,2026-07,44052.29,1,2026-07-03,SB,SB,20260720,20260703.0
696,1978,31,10,59,2026-07-19,2026-07,60617.38,1,2026-05-20,SB,SB,20260719,20260520.0
697,1789,22,1,16,2026-06-27,2026-06,409815.55,0,,Maturity,IPP,20260627,
698,1201,6,5,60,2026-07-30,2026-07,135509.07,1,2026-07-08,Maturity,Maturity,20260730,20260708.0
699,986,7,2,64,2026-06-24,2026-06,180342.79,1,2026-06-13,SB,SB,20260624,20260613.0
700,1208,17,6,24,2026-03-17,2026-03,123900.29,0,,SB,SB,20260317,
701,794,7,3,24,2026-07-28,2026-07,84385.31,1,2026-05-24,SB,SB,20260728,20260524.0
702,1830,6,9,62,2026-04-05,2026-04,96689.21,1,2026-03-26,Maturity,Maturity,20260405,20260326.0
703,563,3,7,33,2026-03-22,2026-03,780053.9,0,,Death,NEDC,20260322,
704,1355,24,9,62,2026-04-12,2026-04,161086.59,1,2026-02-28,Maturity,Maturity,20260412,20260228.0
705,1848,20,2,8,2026-05-17,2026-05,175819.65,0,,Maturity,Maturity,20260517,
706,497,39,10,62,2026-05-25,2026-05,77267.0,1,2026-03-20,SB,SB,20260525,20260320.0
707,91,41,5,59,2026-04-24,2026-04,196427.0,0,,Maturity,Maturity,20260424,
708,672,39,1,65,2026-03-28,2026-03,315166.15,1,2026-03-01,Maturity,IPP,20260328,20260301.0
709,1766,25,11,14,2026-08-05,2026-08,149836.94,1,2026-06-11,Maturity,Maturity,20260805,20260611.0
710,1495,12,11,49,2026-05-13,2026-05,944592.1,1,2026-04-14,Death,EDC,20260513,20260414.0
711,693,18,11,51,2026-07-31,2026-07,276037.95,1,2026-07-01,Maturity,Maturity,20260731,20260701.0
712,914,7,7,14,2026-08-30,2026-08,77000.08,0,,Maturity,Maturity,20260830,
713,998,33,4,60,2026-03-12,2026-03,482037.65,0,,Maturity,Maturity,20260312,
714,1569,38,11,25,2026-06-14,2026-06,845915.83,1,2026-05-03,Maturity,Maturity,20260614,20260503.0
715,1650,29,6,66,2026-05-05,2026-05,38243.99,1,2026-03-22,SB,SB,20260505,20260322.0
716,1802,9,8,59,2026-06-21,2026-06,91067.68,0,,Maturity,Maturity,20260621,
717,662,19,3,60,2026-08-12,2026-08,327681.66,1,2026-07-23,Maturity,Maturity,20260812,20260723.0
718,1396,1,5,15,2026-05-17,2026-05,31199.88,1,2026-04-21,SB,SB,20260517,20260421.0
719,652,42,4,13,2026-04-09,2026-04,264934.16,1,2026-03-30,Maturity,Maturity,20260409,20260330.0
720,733,17,8,13,2026-06-19,2026-06,171895.15,1,2026-05-27,Maturity,Maturity,20260619,20260527.0
721,192,2,11,66,2026-08-21,2026-08,236765.76,1,2026-07-19,Maturity,Maturity,20260821,20260719.0
722,1266,11,9,48,2026-06-25,2026-06,60339.67,0,,SB,SB,20260625,
723,1797,16,3,66,2026-08-28,2026-08,46870.94,1,2026-07-02,SB,SB,20260828,20260702.0
724,1058,34,6,9,2026-07-16,2026-07,112187.41,0,,Maturity,Maturity,20260716,
725,1684,16,1,54,2026-04-20,2026-04,285758.74,1,2026-03-18,Maturity,Maturity,20260420,20260318.0
726,638,5,10,30,2026-04-25,2026-04,238506.38,1,2026-02-16,Maturity,Maturity,20260425,20260216.0
727,1043,21,6,19,2026-08-03,2026-08,239225.8,1,2026-06-27,Maturity,Maturity,20260803,20260627.0
728,215,17,5,58,2026-04-01,2026-04,1893562.64,1,2026-02-04,Death,NEDC,20260401,20260204.0
729,131,6,2,56,2026-05-22,2026-05,195812.23,0,,Maturity,IPP,20260522,
730,1948,7,7,10,2026-06-29,2026-06,114111.94,1,2026-05-16,Maturity,Maturity,20260629,20260516.0
731,1884,36,12,61,2026-05-08,2026-05,128501.93,1,2026-04-17,SB,SB,20260508,20260417.0
732,1542,1,6,24,2026-05-27,2026-05,708292.85,0,,Maturity,Maturity,20260527,
733,465,22,2,6,2026-08-29,2026-08,1505774.98,1,2026-08-13,Death,NEDC,20260829,20260813.0
734,1743,16,1,59,2026-03-30,2026-03,537190.43,0,,Maturity,IPP,20260330,
735,1098,11,2,47,2026-04-11,2026-04,2079988.56,1,2026-03-27,Death,EDC,20260411,20260327.0
736,665,10,12,62,2026-03-28,2026-03,79368.8,0,,SB,SB,20260328,
737,806,25,2,8,2026-08-29,2026-08,140616.79,0,,SB,SB,20260829,
738,1591,12,11,37,2026-07-01,2026-07,264847.78,1,2026-06-18,Maturity,Maturity,20260701,20260618.0
739,153,38,7,68,2026-06-21,2026-06,47099.57,1,2026-04-13,SB,SB,20260621,20260413.0
740,1194,14,3,50,2026-08-25,2026-08,85864.26,0,,SB,SB,20260825,
741,1799,26,7,14,2026-04-14,2026-04,1021274.48,1,2026-03-14,Death,NEDC,20260414,20260314.0
742,1102,10,8,14,2026-05-01,2026-05,339944.39,1,2026-04-14,Maturity,Maturity,20260501,20260414.0
743,1808,38,6,75,2026-05-07,2026-05,82228.77,1,2026-03-04,Maturity,Maturity,20260507,20260304.0
744,1309,18,10,65,2026-03-23,2026-03,2234586.13,0,,Death,NEDC,20260323,
745,732,36,10,7,2026-07-11,2026-07,216249.15,1,2026-05-30,Maturity,Maturity,20260711,20260530.0
746,598,11,8,18,2026-03-02,2026-03,80893.92,1,2025-12-27,Maturity,Maturity,20260302,20251227.0
747,2000,38,6,48,2026-07-11,2026-07,106478.0,0,,Maturity,Maturity,20260711,
748,1660,28,8,28,2026-05-05,2026-05,116092.05,0,,Maturity,Maturity,20260505,
749,1874,37,9,74,2026-05-06,2026-05,53064.88,1,2026-02-21,SB,SB,20260506,20260221.0
750,475,4,4,74,2026-05-18,2026-05,75896.35,1,2026-04-27,SB,SB,20260518,20260427.0
751,867,29,2,77,2026-08-14,2026-08,57696.84,1,2026-07-28,SB,SB,20260814,20260728.0
752,876,7,10,68,2026-05-05,2026-05,504797.9,0,,Death,EDC,20260505,
753,136,18,10,29,2026-07-02,2026-07,120718.89,1,2026-06-16,Maturity,Maturity,20260702,20260616.0
754,1921,27,7,57,2026-07-25,2026-07,139538.9,1,2026-05-22,Maturity,Maturity,20260725,20260522.0
755,654,37,10,47,2026-06-25,2026-06,226797.65,1,2026-05-08,Maturity,Maturity,20260625,20260508.0
756,1554,32,2,55,2026-03-30,2026-03,276750.51,1,2026-03-09,Maturity,Maturity,20260330,20260309.0
757,1779,20,10,40,2026-04-17,2026-04,313072.81,0,,Maturity,Maturity,20260417,
758,1193,17,3,31,2026-05-26,2026-05,607508.98,1,2026-03-13,Death,NEDC,20260526,20260313.0
759,928,38,7,41,2026-07-28,2026-07,19247.59,0,,SB,SB,20260728,
760,329,28,3,14,2026-03-03,2026-03,55112.58,1,2026-01-31,SB,SB,20260303,20260131.0
761,1441,11,1,15,2026-08-12,2026-08,83764.72,0,,SB,SB,20260812,
762,1357,29,4,51,2026-04-21,2026-04,529805.56,1,2026-04-07,Maturity,Maturity,20260421,20260407.0
763,1043,21,6,19,2026-04-25,2026-04,126799.89,0,,Maturity,Maturity,20260425,
764,1146,10,6,61,2026-06-24,2026-06,114093.69,1,2026-06-08,SB,SB,20260624,20260608.0
765,427,28,12,52,2026-05-03,2026-05,45505.87,1,2026-03-12,SB,SB,20260503,20260312.0
766,280,9,8,42,2026-04-15,2026-04,32276.86,1,2026-02-04,SB,SB,20260415,20260204.0
767,182,42,8,48,2026-08-03,2026-08,93896.0,1,2026-07-03,Maturity,Maturity,20260803,20260703.0
768,755,1,9,48,2026-03-15,2026-03,470194.66,0,,Death,NEDC,20260315,
769,1316,15,1,36,2026-06-29,2026-06,139239.24,1,2026-06-01,Maturity,Maturity,20260629,20260601.0
770,465,22,2,6,2026-05-05,2026-05,342811.36,1,2026-03-24,Maturity,Maturity,20260505,20260324.0
771,770,14,2,31,2026-06-08,2026-06,1228194.58,0,,Death,NEDC,20260608,
772,142,37,10,11,2026-05-16,2026-05,75147.4,1,2026-04-04,Maturity,Maturity,20260516,20260404.0
773,1284,27,11,22,2026-06-12,2026-06,76605.26,1,2026-04-12,SB,SB,20260612,20260412.0
774,1101,23,8,78,2026-03-12,2026-03,371980.86,0,,Maturity,Maturity,20260312,
775,887,35,6,60,2026-04-11,2026-04,48652.02,0,,SB,SB,20260411,
776,50,15,9,49,2026-05-29,2026-05,238987.89,0,,Death,EDC,20260529,
777,615,14,9,5,2026-08-23,2026-08,198297.77,0,,Maturity,Maturity,20260823,
778,788,42,8,11,2026-05-16,2026-05,538525.78,1,2026-04-23,SB,SB,20260516,20260423.0
779,1453,2,10,31,2026-04-19,2026-04,192719.12,0,,Maturity,Maturity,20260419,
780,362,10,12,55,2026-03-23,2026-03,136372.02,1,2026-02-14,SB,SB,20260323,20260214.0
781,708,1,5,23,2026-04-07,2026-04,24587.01,0,,SB,SB,20260407,
782,1173,3,1,33,2026-05-19,2026-05,313134.16,0,,Maturity,IPP,20260519,
783,1332,38,7,66,2026-07-15,2026-07,433573.78,0,,Maturity,Maturity,20260715,
784,1285,4,5,50,2026-04-07,2026-04,359019.62,1,2026-03-15,Maturity,Maturity,20260407,20260315.0
785,1518,27,2,43,2026-07-17,2026-07,776832.19,1,2026-05-18,Death,EDC,20260717,20260518.0
786,870,39,5,43,2026-04-17,2026-04,516519.84,1,2026-03-21,Maturity,Maturity,20260417,20260321.0
787,7,29,5,32,2026-08-16,2026-08,263303.09,1,2026-08-06,Maturity,Maturity,20260816,20260806.0
788,1943,34,12,73,2026-05-16,2026-05,106099.2,1,2026-04-01,Maturity,Maturity,20260516,20260401.0
789,340,6,9,45,2026-06-12,2026-06,229026.98,1,2026-03-30,Maturity,Maturity,20260612,20260330.0
790,1361,21,5,49,2026-06-16,2026-06,395922.38,0,,Maturity,Maturity,20260616,
791,1157,41,5,41,2026-06-15,2026-06,190101.08,0,,SB,SB,20260615,
792,1323,6,1,5,2026-03-23,2026-03,117739.36,1,2026-03-07,SB,SB,20260323,20260307.0
793,588,32,3,10,2026-08-26,2026-08,1894174.0,1,2026-08-03,Death,EDC,20260826,20260803.0
794,467,23,4,24,2026-07-01,2026-07,59545.15,1,2026-06-05,SB,SB,20260701,20260605.0
795,615,14,9,5,2026-07-20,2026-07,48500.69,1,2026-05-14,SB,SB,20260720,20260514.0
796,1368,10,7,30,2026-04-17,2026-04,134732.33,1,2026-02-04,Maturity,Maturity,20260417,20260204.0
797,1432,20,8,37,2026-06-26,2026-06,564495.49,1,2026-06-01,Death,NEDC,20260626,20260601.0
798,1674,30,7,53,2026-08-23,2026-08,59950.77,1,2026-08-08,SB,SB,20260823,20260808.0
799,1422,16,11,29,2026-06-26,2026-06,284412.73,1,2026-05-01,Maturity,Maturity,20260626,20260501.0
800,922,41,1,19,2026-08-04,2026-08,178467.01,0,,Maturity,Maturity,20260804,
801,1212,26,5,12,2026-08-10,2026-08,29614.14,1,2026-06-04,SB,SB,20260810,20260604.0
802,1761,17,11,63,2026-08-25,2026-08,142616.29,1,2026-07-23,Maturity,Maturity,20260825,20260723.0
803,830,11,1,45,2026-07-28,2026-07,307478.99,0,,Maturity,Maturity,20260728,
804,1989,6,3,41,2026-03-28,2026-03,715078.75,1,2026-01-15,Maturity,Maturity,20260328,20260115.0
805,1663,14,11,34,2026-08-17,2026-08,138499.28,1,2026-07-15,Maturity,Maturity,20260817,20260715.0
806,1970,10,7,72,2026-08-23,2026-08,1181362.89,0,,Death,NEDC,20260823,
807,1986,18,10,26,2026-04-09,2026-04,1094960.74,1,2026-02-21,Death,EDC,20260409,20260221.0
808,1178,40,5,67,2026-04-10,2026-04,51957.29,0,,SB,SB,20260410,
809,1199,28,11,55,2026-08-30,2026-08,135416.91,1,2026-07-19,Maturity,Maturity,20260830,20260719.0
810,1678,7,2,14,2026-03-25,2026-03,473174.77,1,2026-01-18,Maturity,Maturity,20260325,20260118.0
811,852,16,9,69,2026-03-26,2026-03,300866.77,1,2026-02-24,Maturity,Maturity,20260326,20260224.0
812,942,19,3,5,2026-03-23,2026-03,150909.11,1,2026-03-13,Maturity,IPP,20260323,20260313.0
813,851,34,2,58,2026-05-21,2026-05,368698.48,0,,Maturity,Maturity,20260521,
814,4,36,4,16,2026-05-26,2026-05,422975.72,1,2026-04-28,Maturity,IPP,20260526,20260428.0
815,1530,6,11,11,2026-04-09,2026-04,338425.12,1,2026-01-31,Maturity,Maturity,20260409,20260131.0
816,493,25,6,70,2026-05-10,2026-05,229451.55,1,2026-04-20,Maturity,Maturity,20260510,20260420.0
817,1662,26,2,39,2026-05-06,2026-05,1411676.05,0,,Death,EDC,20260506,
818,276,33,8,35,2026-05-18,2026-05,127220.22,1,2026-04-19,SB,SB,20260518,20260419.0
819,1717,39,4,68,2026-07-28,2026-07,989462.41,1,2026-07-16,Maturity,Maturity,20260728,20260716.0
820,551,22,7,73,2026-07-01,2026-07,78972.48,0,,SB,SB,20260701,
821,1115,2,11,44,2026-05-29,2026-05,207003.89,1,2026-05-04,Maturity,Maturity,20260529,20260504.0
822,1843,33,2,7,2026-04-05,2026-04,253601.39,1,2026-02-25,Death,NEDC,20260405,20260225.0
823,1991,20,11,25,2026-05-16,2026-05,368555.55,0,,Maturity,Maturity,20260516,
824,453,9,4,38,2026-04-30,2026-04,367044.26,0,,Death,NEDC,20260430,
825,734,36,9,33,2026-05-01,2026-05,78815.47,0,,SB,SB,20260501,
826,34,32,6,24,2026-03-26,2026-03,166304.65,1,2026-02-02,Maturity,Maturity,20260326,20260202.0
827,1770,37,6,37,2026-07-15,2026-07,146625.27,1,2026-06-08,Maturity,Maturity,20260715,20260608.0
828,148,12,3,49,2026-08-10,2026-08,363199.96,0,,Maturity,IPP,20260810,
829,566,14,12,2,2026-05-06,2026-05,186361.92,1,2026-03-26,SB,SB,20260506,20260326.0
830,247,3,3,43,2026-06-26,2026-06,222772.15,1,2026-04-28,Maturity,Maturity,20260626,20260428.0
831,1264,27,3,19,2026-08-13,2026-08,285466.27,0,,Maturity,Maturity,20260813,
832,1592,26,11,78,2026-08-29,2026-08,159704.17,0,,Death,EDC,20260829,
833,938,34,5,60,2026-08-10,2026-08,492163.96,1,2026-07-09,Maturity,Maturity,20260810,20260709.0
834,810,26,8,77,2026-08-17,2026-08,543445.99,1,2026-08-02,Death,NEDC,20260817,20260802.0
835,1806,31,7,61,2026-06-26,2026-06,273706.73,0,,Maturity,Maturity,20260626,
836,1779,20,10,40,2026-08-01,2026-08,45670.82,0,,SB,SB,20260801,
837,1667,38,10,19,2026-04-01,2026-04,201502.89,1,2026-03-13,Maturity,Maturity,20260401,20260313.0
838,1126,28,4,45,2026-04-07,2026-04,229682.3,1,2026-02-10,Maturity,IPP,20260407,20260210.0
839,1540,42,9,5,2026-04-14,2026-04,408579.62,0,,Maturity,Maturity,20260414,
840,447,27,1,30,2026-07-01,2026-07,659907.9,0,,Maturity,IPP,20260701,
841,1506,3,2,16,2026-03-20,2026-03,1206589.64,0,,Death,NEDC,20260320,
842,1831,3,8,65,2026-05-14,2026-05,48151.44,0,,SB,SB,20260514,
843,686,35,1,56,2026-08-03,2026-08,260797.81,0,,Maturity,Maturity,20260803,
844,1310,37,11,78,2026-08-27,2026-08,159555.08,0,,Maturity,Maturity,20260827,
845,1404,25,4,32,2026-07-30,2026-07,721057.39,0,,Maturity,IPP,20260730,
846,1663,14,11,34,2026-08-04,2026-08,86804.7,1,2026-06-11,Maturity,Maturity,20260804,20260611.0
847,1245,28,1,51,2026-05-02,2026-05,267063.06,0,,Maturity,Maturity,20260502,
848,1900,2,10,6,2026-05-07,2026-05,298086.96,1,2026-03-28,Death,NEDC,20260507,20260328.0
849,6,33,7,71,2026-06-04,2026-06,837921.02,0,,Death,NEDC,20260604,
850,704,11,2,36,2026-04-22,2026-04,475206.9,1,2026-03-27,Maturity,Maturity,20260422,20260327.0
851,1704,10,4,47,2026-07-14,2026-07,625689.15,1,2026-05-28,Death,NEDC,20260714,20260528.0
852,1597,35,12,44,2026-07-01,2026-07,390572.31,0,,Maturity,Maturity,20260701,
853,1400,11,2,2,2026-04-24,2026-04,213348.84,1,2026-02-13,Maturity,IPP,20260424,20260213.0
854,986,7,2,64,2026-06-21,2026-06,248180.52,0,,Maturity,Maturity,20260621,
855,1173,3,1,33,2026-04-22,2026-04,311743.45,0,,Maturity,IPP,20260422,
856,1547,23,12,26,2026-04-11,2026-04,275860.95,0,,Maturity,Maturity,20260411,
857,479,15,10,29,2026-03-09,2026-03,429092.28,0,,Maturity,Maturity,20260309,
858,1895,21,3,19,2026-06-28,2026-06,307248.81,1,2026-04-15,Maturity,IPP,20260628,20260415.0
859,1498,15,1,76,2026-04-29,2026-04,87292.53,0,,SB,SB,20260429,
860,172,34,2,55,2026-07-07,2026-07,261519.06,1,2026-06-13,Maturity,IPP,20260707,20260613.0
861,599,17,10,26,2026-05-24,2026-05,25743.38,0,,SB,SB,20260524,
862,406,22,11,7,2026-05-24,2026-05,342442.59,1,2026-04-20,Maturity,Maturity,20260524,20260420.0
863,191,40,8,9,2026-07-23,2026-07,207599.06,1,2026-07-10,Maturity,Maturity,20260723,20260710.0
864,1427,19,10,58,2026-03-03,2026-03,112817.91,1,2026-01-15,SB,SB,20260303,20260115.0
865,938,34,5,60,2026-06-13,2026-06,172180.57,1,2026-05-22,Maturity,Maturity,20260613,20260522.0
866,956,42,10,51,2026-04-25,2026-04,64616.47,0,,SB,SB,20260425,
867,649,12,11,73,2026-03-29,2026-03,377551.59,0,,Maturity,Maturity,20260329,
868,275,19,8,70,2026-05-17,2026-05,906619.4,0,,Death,EDC,20260517,
869,593,39,10,39,2026-04-17,2026-04,185657.39,0,,Maturity,Maturity,20260417,
870,660,38,4,5,2026-05-22,2026-05,116865.28,1,2026-04-27,Maturity,IPP,20260522,20260427.0
871,1015,33,1,55,2026-03-22,2026-03,30061.4,1,2026-01-19,SB,SB,20260322,20260119.0
872,871,12,3,37,2026-06-17,2026-06,111283.69,1,2026-05-04,Maturity,Maturity,20260617,20260504.0
873,107,40,4,9,2026-08-07,2026-08,151330.39,0,,SB,SB,20260807,
874,1648,29,11,18,2026-05-02,2026-05,168374.95,1,2026-02-23,Maturity,Maturity,20260502,20260223.0
875,106,15,8,4,2026-07-17,2026-07,209938.2,1,2026-05-22,Maturity,Maturity,20260717,20260522.0
876,1481,3,10,41,2026-08-21,2026-08,114419.99,1,2026-07-20,SB,SB,20260821,20260720.0
877,984,40,1,32,2026-05-22,2026-05,247057.05,1,2026-05-09,Death,EDC,20260522,20260509.0
878,640,42,12,80,2026-06-02,2026-06,723836.67,1,2026-04-11,Maturity,Maturity,20260602,20260411.0
879,173,14,6,63,2026-04-20,2026-04,222957.48,1,2026-02-16,Maturity,Maturity,20260420,20260216.0
880,1922,32,12,29,2026-05-12,2026-05,157794.79,1,2026-03-17,Maturity,Maturity,20260512,20260317.0
881,469,36,8,8,2026-04-13,2026-04,622798.69,1,2026-03-29,Maturity,Maturity,20260413,20260329.0
882,1096,7,7,57,2026-08-13,2026-08,204120.19,1,2026-08-01,Maturity,Maturity,20260813,20260801.0
883,1293,3,1,60,2026-03-04,2026-03,366600.2,0,,Maturity,Maturity,20260304,
884,996,6,11,39,2026-05-26,2026-05,97969.34,1,2026-04-24,SB,SB,20260526,20260424.0
885,159,40,6,41,2026-05-09,2026-05,266169.84,0,,Maturity,Maturity,20260509,
886,200,30,1,38,2026-08-17,2026-08,111101.51,1,2026-06-29,Maturity,IPP,20260817,20260629.0
887,1293,3,1,60,2026-05-15,2026-05,138269.28,1,2026-04-20,Maturity,IPP,20260515,20260420.0
888,617,19,12,7,2026-04-09,2026-04,237557.12,1,2026-02-20,Maturity,Maturity,20260409,20260220.0
889,1559,10,7,3,2026-05-20,2026-05,426556.76,1,2026-05-07,Maturity,Maturity,20260520,20260507.0
890,109,32,2,13,2026-07-19,2026-07,1283106.05,1,2026-06-30,Maturity,Maturity,20260719,20260630.0
891,293,14,10,10,2026-07-27,2026-07,671090.58,1,2026-05-20,Death,EDC,20260727,20260520.0
892,501,32,3,7,2026-04-29,2026-04,339000.29,1,2026-04-19,Death,EDC,20260429,20260419.0
893,763,20,8,48,2026-03-23,2026-03,785414.87,0,,Death,EDC,20260323,
894,1448,42,5,56,2026-08-27,2026-08,40884.39,1,2026-07-17,SB,SB,20260827,20260717.0
895,26,13,2,76,2026-08-27,2026-08,308395.17,0,,Maturity,Maturity,20260827,
896,379,13,8,15,2026-08-25,2026-08,836370.15,1,2026-07-28,Maturity,Maturity,20260825,20260728.0
897,379,13,8,15,2026-06-29,2026-06,952922.43,0,,Death,NEDC,20260629,
898,1791,9,4,20,2026-08-15,2026-08,157719.29,0,,Maturity,IPP,20260815,
899,1864,33,8,75,2026-04-29,2026-04,34233.04,0,,SB,SB,20260429,
900,1383,14,3,27,2026-08-27,2026-08,586436.16,0,,Maturity,Maturity,20260827,
